"merchant_id","merchant_title","merchant_rating","merchant_rating_count","n_product","avg_product_rating","avg_product_rating_count","total_units_sold","total_revenue","avg_price_per_product","avg_retail_price_per_product","avg_percent_discount"
"5357bcf2bb72c5504882e889","ApparelHeaven","4.2","320031","2","4","8836","120000","920000","9","20","53.54"
"5708773c3c02161b3f8c7900","leiston","3.9","139223","5","3.8","4010","107100","541850","7.76","34.2","60.56"
"5417aada4ad3ab27e954b76c","SHENZHEN LONGDRAGON TECHNOLOGY CO.,LTD","4.1","108048","2","4.4","5531","100007","800056","8","8","-1.59"
"53082ea15aefb07dfe1f2a4f","bigcompany","4","366898","1","4","13789","100000","500000","5","33","84.85"
"53f2beb39020ee03566d6e18","trendy_world","4.1","330405","1","4.1","20744","100000","577000","5.77","48","87.98"
"570f3a713a698c14278bb51e","fashionstore0408","3.9","19248","1","3.5","18393","100000","567000","5.67","19","70.16"
"5926c5ace8ff5525241b368d","Pentiumhorse","4.1","55499","7","3.8","2250","96000","596800","6.69","6.29","-3.94"
"5860c757b1e41d4d67d183e8","Mermaid 's Kiss","4","151249","4","4","6290","90100","244800","3.43","3.75","10.75"
"52bd3ddb34067e4620a4c62d","freebird","4.1","839882","3","3.6","6136","80000","553400","7.22","14.67","32.71"
"5a7b23a69bda4e3d375e7b3f","f40051ab1zhong9","4","12974","5","3.9","2093","80000","700000","8.4","7.8","-6.86"
"53a2a09ad91139519161a267","FashionForChanny ","4.3","165915","3","4.1","4007","75000","1055000","13.33","100.33","85.89"
"539937d634067e06707b1a8e","HOT DRESS","4","51369","4","3.8","6491","71100","596400","11.5","86.25","86.61"
"58ad449708de0c6dc59d9e06","hellohorse","4.1","126370","6","4.1","3292","63100","414581","3.61","3.33","-4.49"
"56e43d9e3a698c3826a5feff","good999","4.2","17816","3","4.1","5086","61000","628000","8.67","8","-8.1"
"53aa664438d3046ee44a5024","fashionforgirls","4.1","151914","4","3.9","2517","60100","701500","12.5","83","84.96"
"5384613a796f680f9d78a127","Pandolah Apparel Co.,Ltd","4.4","18910","3","4.3","3708","60000","980000","16.33","14.33","-14.06"
"53facca81c105e3d5866e212","GL","4.2","402743","3","3.5","3986","60000","540000","9","114","57.3"
"558c2cdc89d53c4005ea2920","guangzhouweishiweifushiyouxiangongsi","3.9","32168","15","3.8","749","58500","301926","4.18","4.13","1"
"55c8a4c33a698c6010edcd9e","Smart Home International Co.Ltd","4.1","55670","6","3.8","1141","55200","373622","5.39","5.17","-3.02"
"58106cfce516491e6e5f1e53","yangaiqun","4.2","15538","2","4.2","5481","55000","370000","5.5","5","-8.33"
"5acaf29d5ebcfd72403106a8","Suyi Technology","4","12309","12","3.8","512","54300","341751","5.56","5.17","-4.68"
"544867549719cd33de1048d5","Fashion Vane","4.1","96276","1","3.5","8164","50000","285000","5.7","58","90.17"
"54af9c1428565a151043b6bf","Happygirl International Shopping Park","4","70773","3","3.7","5719","50000","400000","8","7.33","-9.52"
"54bcaabb39b8c00b482a115f","Fashionshow68","4.1","59198","1","4.3","5359","50000","450000","9","81","88.89"
"5542fcb264b4f014ce88ecae","hui zhou ming mao yi","4.1","13665","1","4","10927","50000","200000","4","6","33.33"
"557ed5b886d66519ff242099","redisland","4.2","59903","4","3.8","2034","50000","404800","7.12","6.5","-9.67"
"5652f4053a698c76dc9a3f37","Unique Li Fashion Shop","4.1","10194","1","3.8","6742","50000","350000","7","6","-16.67"
"570b67d4a9dc12590be93b79","Frome","4.2","38264","1","4.2","12880","50000","300000","6","6","0"
"572d45c708fad86678ca1938","Ice Scream","4.2","203805","1","4","10122","50000","233000","4.66","11","57.64"
"57568f454054c95cbd8d1619","Goddess-Beauty","3.8","78307","1","3.7","14568","50000","400000","8","54","85.19"
"57e5db02e7f40f131adeeaf8","NORTINSAM","4.3","37076","1","3.8","13198","50000","450000","9","8","-12.5"
"58ad356108de0c6dc39d979d","hgjkgk","4.1","11481","1","3.9","7088","50000","250000","5","5","0"
"58c0fff96ecaa3523d59a24d","xixi520","4.2","229199","1","4","7575","50000","100000","2","2","0"
"5639cd9bddb94f103070ef9f","snowgirl","4","36361","6","3.9","1526","46000","441000","8.5","41.83","66.92"
"5533c83986ff95173dc017d0","shuilingjiao international trade company","4.1","88193","8","3.6","654","43100","301800","8.25","7.63","-7.95"
"58fdedf645f9b210f58c00cc","paoyeye","4.1","18877","4","3.8","2210","41100","366460","7.47","20.25","16.27"
"55c8029641d799421d41fe3a","young's boutique","3.8","54504","4","3.6","1351","41000","306000","7","8.75","16.82"
"578866243a698c1713f2d19c","211670008@qq.com","4.3","43676","3","4.1","5013","41000","263000","5.33","5","-4.76"
"53db691bd911395c8b2f92be","xiaomi","4.1","17760","2","3.8","8029","40000","440000","11","14","21.43"
"5760bd976238335e38551943","Facing the sea","4.2","19221","2","4.1","8904","40000","320000","8","7","-14.29"
"576bbb443a698c085103c010","beauty_baby_baby","4.1","73701","2","3.7","7364","40000","380000","9.5","34","72.19"
"5c51b9b468178729c4213657","WOW BANG","4.1","16013","4","4.1","1177","40000","237000","6.68","6.25","-3.75"
"564d8a9ac0f55a1276cd96f8","Cenic Beauty","4.1","42919","8","3.9","644","36100","266331","6.55","23.75","45.58"
"566012f6769a5629aefca555","Petha's boutique","4.1","39381","5","3.8","1287","32000","342000","10.8","23.8","6.71"
"57b03628c676b3573ba2a081","witkey BL","4","65189","6","4.1","815","31206","249636","7.67","16.83","38.77"
"559d33adc605853731afbf10","Lin Fashion Store","4","13946","4","3.8","1495","31000","281000","9.5","8.5","-12.14"
"56dce88d21396a16a47eff39","Johnson007","4.2","80713","3","3.9","2971","30000","240000","8","84","90.48"
"5705e40cfda6252c1a9db062","Gdear","4.3","78616","3","3.7","2641","30000","380000","12.67","11.33","-11.43"
"576cfeed007b536be4a9ae96","Love Fashion Show","4","45964","2","3.9","2493","30000","168100","5.41","5.5","1.9"
"58330d7def56284f7634e5e5","yubenqiang","3.9","5816","3","4.1","1479","30000","330000","11","10","-10"
"594756ab53ebe27caad41157","William&Jack","3.9","25356","2","3.8","2348","30000","260000","8.5","22","54.52"
"5c74e493a0e25750b550e2a1","bebebebe world","4.1","14095","4","4","990","30000","205000","6","5.75","-2.5"
"583138b06339b410ab9663ec","sjhdstoer","4","80093","9","3.9","390","28100","309990","9.58","17.78","17.25"
"5c7893301bcc452c015b5de4","ToToToTo Market","3.9","12441","4","3.7","984","27000","293000","10","9","-11.25"
"5763e55cc6053f5e70522ad7","taishon","3.9","24564","5","4.1","1099","26100","180200","7.76","21.8","16.46"
"5aa1f31308a2240a052e9a1a","WDHDAGE","3.9","8821","4","3.8","1537","26000","228000","10","8.75","-14.19"
"5cb636dda7173671aedef051","Pure Fashion","4.3","96838","4","4","959","26000","137400","6.34","5.5","-15.67"
"5b160017daac45594728d9ba","fengjinying","3.9","10474","6","3.5","713","25200","221200","7.83","7.17","-8.61"
"58d109c5e3830f6bcb47e35d","spy89ping@163.com","3.9","35262","4","3.9","948","25100","195500","7","21.75","41.07"
"5660e53e769a564b3e3aeca0","Fashion Trend Line","4","20681","2","4.1","2809","25000","225000","9","8.5","-6.25"
"5800a8bb50d8ab5aaee15f20","Foryingni","4.1","11854","2","3.9","2130","25000","188700","6.87","6","-14.54"
"55cc4e1d845591103477a561","Cuiior","3.9","22711","4","4.2","382","22100","209400","12.75","40.5","68.07"
"55ed5a3362e273427107759e","Oucho co. ltd.","4","12913","4","4.1","972","22100","127400","11.25","29.25","25.05"
"5ba2251b4315d12ebce873fa","Luowei clothe","4","5534","5","3.8","930","22000","155900","8.36","25.2","67.05"
"5bd29797d32ed5241007af46","hzruanyf","3.9","3771","3","3.6","766","22000","176000","8","7","-14.29"
"56458aa03a698c35c9050988","SaraHouse","3.9","17752","6","3.5","1057","21400","167016","5.68","10.33","37.51"
"58131ddf6f55296033923a7c","vvfashion2016","4.2","90105","4","4","1060","21100","295100","13.25","93","85.81"
"53e03f56ff4d6d36d2285ab0","hechuang1001","4.1","25093","2","3.9","5277","21000","225000","8","91","91.52"
"556fc80f95528719e004fe8b","zhenyangongyequ7766","4.1","40616","2","3.8","3514","21000","188000","8.5","7.5","-13.39"
"55769de4fa0be7249554bce2","Jinqianbao888","4","40245","2","3.9","4913","21000","169000","8.5","7.5","-13.39"
"563c5b3d05398a37780be2e2","YYW COM","4.2","8191","2","4.1","1711","21000","251000","11.5","106","89.15"
"58b011e82e27bf506cee1ace","lovemom","4","5281","2","3.6","1127","21000","228000","9.5","8.5","-12.14"
"59c8a909ae228e37ae159559","mohuya","4.1","15076","2","4.1","670","21000","132000","9","13","30.77"
"577fb2b368116418674befd9","keepahorse","4.1","66644","5","3.3","747","20300","171106","5.61","5.2","-3.78"
"5406c9c77f086e1be430d73e","New Lucky","4.2","246312","5","4.2","847","20200","186800","9.2","9","-2.86"
"56455b13b15aab129db58cb7","Rell Mail","4.2","16803","3","4.2","1056","20200","162300","10.33","9","-15.08"
"5ab3b592c3911a095ad5dadb","youngpeopleshop","4","14482","3","3.1","744","20200","260544","6.15","5.67","0.16"
"56c6f731bc435416ed5984d7","happyshoooping","4","40943","2","3.8","1516","20100","113584","5.75","30.5","38.29"
"5810aa5bde5bf01b645c909e","Recherche.sg","3.9","3791","2","4","876","20100","56993","3.38","3.5","3.71"
"59b7d6e1eea5c510889ea754","LISTONE","3.9","9177","3","3.4","1018","20100","170600","7.67","18","57.2"
"5a018060448a526b450ddab8","ZhtdxyscdymdgcStore","4.2","8776","2","4.1","2696","20100","180600","7.5","7","-6.25"
"5b507899ab577736508a0782","cxuelin99126","4.2","5316","3","4.4","976","20100","140500","6.33","40.67","41.98"
"57864d704d669274929898fb","shenzhenfuzhuangmaoyiyouxiangongsidianpu","3.9","32394","3","2.8","2872","20020","220120","7.67","25.33","51.21"
"53208a086fa88c662a693514","Fancykini Wardrobe","4.3","44067","1","4.1","4378","20000","260000","13","11","-18.18"
"5368f053bb72c5150191a140","new style","4.1","15748","1","3.7","3820","20000","180000","9","8","-12.5"
"537975ab71795104807b06b4","Guangzhou Idea e-commerce co.,ltd","4","33839","1","3.6","3929","20000","220000","11","20","45"
"53e442474497c57e900d7c64","astro_top","4.2","3665","2","4","1589","20000","160000","8","16","50"
"54125ab34ad3ab158c0f72d9","Home Goods","4.2","190918","2","3.8","1717","20000","220000","11","10","-10"
"542a670d4f66d92eba599455","BUSINESS INDUSTRY","4.2","32923","1","3.4","5781","20000","160000","8","7","-14.29"
"54869f80546ead6e5b318f5b","guangzhou xinguang co. ltd.","4.1","30892","1","4.2","5351","20000","240000","12","11","-9.09"
"5487c9b1b9b7e705069489fb","Shanghai Chaochao Store","4.3","12304","1","4.1","6450","20000","117600","5.88","9","34.67"
"54898f4c223ebf1cd713fdc2","Guangzhou Teamwin Trading Co.,Ltd","4.3","295161","1","4.4","3787","20000","380000","19","105","81.9"
"54b8872d40b37856baa55e38","meishu","4.5","100789","1","4.5","5882","20000","73200","3.66","4","8.5"
"555f4174a4efd10ea5ebaa5f","sacha","4.1","200089","1","2.9","3421","20000","260000","13","30","56.67"
"55af776cc982de2775ba26d2","fengyizubao1","4.1","15006","1","4","5929","20000","160000","8","59","86.44"
"55e7e41e606d0a18fdfc67d1","besagift","4.3","61895","3","3.7","1325","20000","190000","10","9","-11.43"
"55e7ed3230a9764b0761fc82","Women's Fashion maker international","4.3","68022","1","3.4","3443","20000","53000","2.65","3","11.67"
"561dc58d1f1ffb54d008b82f","allstars","4.1","110548","2","4.2","2911","20000","140000","7","12","25.21"
"56d813f66d64ff168ab1bfac","kam","4","56999","1","3.9","8412","20000","75800","3.79","49","92.27"
"570b68b9e902df590e48d196","byebyebye","4","11965","1","3.5","3572","20000","220000","11","84","86.9"
"570d017b1b4ca758e18e407d","Honest Fashion shopping","4.2","10258","2","4.1","2438","20000","160000","8","7","-14.29"
"5756d060b833235cbc250227","bushangfushi","4.1","45964","1","3.9","12041","20000","260000","13","252","94.84"
"5770ca6694fc5029d02c368a","hey jude flower","3.9","12006","2","3.6","2069","20000","160000","8","7","-14.29"
"57820e33ea637711873c1618","Plan B","4.2","4570","1","3.9","4215","20000","73000","3.65","4","8.75"
"57875ba40cb30d38ba46f57d","Melantha","4.3","58068","1","3.4","7596","20000","220000","11","37","70.27"
"57a995f564fa71286bac2109","Shelan","4.1","43742","1","4","6510","20000","140000","7","11","36.36"
"57aeb5fb5a4ac218de83b64d","superheros","4.1","9492","1","3.9","3700","20000","160000","8","7","-14.29"
"57edcd19252c15203b411d82","Handsome_91","4.2","127966","1","3.9","4657","20000","114200","5.71","84","93.2"
"57ff8c180fb8e31870c27d68","xidan1949","4.4","6719","1","4.4","5254","20000","160000","8","75","89.33"
"5803772d4dcf7942d7280c39","2ist","3.9","14553","1","3.6","5891","20000","280000","14","12","-16.67"
"580dd6425250a21944205a36","yshsbjj","4.1","4646","1","4","4137","20000","117400","5.87","5","-17.4"
"5810a3d4a70e0356e24d3c6c","exingstore11","4","12476","1","4","3761","20000","160000","8","7","-14.29"
"5810c46f02b01e15f8a10e38","champion_28","3.9","7314","2","3.6","787","20000","118500","5.93","5.5","-8.5"
"58183b4ea642e03dc54eda6e","shaoling01yang","4.2","48654","1","4","8960","20000","160000","8","84","90.48"
"58216982dd9916453fe2d1a1","Simple_style","4.3","213709","3","4.1","1300","20000","123700","5.91","27","76.69"
"5826f19f20a9402c37313979","Bees flying butterfly","4.3","5808","2","4.2","2587","20000","180000","9","10","10"
"583e7f658108913bced6f8cf","luojiayushop","4.3","9200","3","4.3","902","20000","190000","9","8","-12.86"
"584c23fbef56286074d2c9a6","gaowenxiao","3.7","3566","3","3.5","1243","20000","133950","6.6","5.67","-16.38"
"584fd5cbd67ff04c93c70560","ZCMP","4.3","10269","1","4.2","7773","20000","100000","5","5","0"
"58b26eaa01c02f5114ac2ae9","Wrong Turn","4.1","21892","1","4.2","3090","20000","160000","8","7","-14.29"
"58be502223167e61443f4d92","TopLifeYouNeed","4.3","4448","1","4.3","3648","20000","220000","11","10","-10"
"58df45e5795cf052ae1c2142","ligen","4.2","8205","1","4.1","2927","20000","113200","5.66","5","-13.2"
"591c4e7f1a071f13df7a63ff","liwenjuan fashion store","4.2","2050","2","4.2","1910","20000","160000","8","140","94.29"
"595b54fcd44a9b1180cb102b","Shopping&Sharing","4.2","49327","1","4.1","4345","20000","180000","9","36","75"
"598d8d1e2afd354f6ef9950d","hanzhy","4","15106","1","4.2","2440","20000","180000","9","50","82"
"59c0e0168696be51cef38e93","MlhaxzylgFashionStore","4.1","6714","1","3.7","2706","20000","120000","6","6","0"
"59cdc2112351344fc0dfa54f","centper3","4.1","22089","1","3.8","5479","20000","180000","9","9","0"
"59df389c88dd76239f03c701","shangjing1012","4.1","4107","1","3.7","1103","20000","440000","22","19","-15.79"
"5a200757518c1c4b34845a1f","ataoios","4","21210","1","3.5","2407","20000","116000","5.8","43","86.51"
"5a72e56d9d5e975657c1460a","liliyuanxi","4","4336","1","3.8","2729","20000","220000","11","19","42.11"
"5acf2091cd968d299afe79a3","yangxueqing","4.1","11740","1","3.7","6509","20000","120000","6","6","0"
"5b1522ab7b94e12ee3d455c9","pan-emily","3.8","4295","3","3.4","549","20000","138900","6.59","5.67","-16.63"
"5b2620ddd1c360688799eb51","vemaneya","4.2","6555","1","4","3975","20000","115600","5.78","8","27.75"
"5c0232c1d9333c676958674e","forloveyou","4.2","8501","1","4.2","2019","20000","140000","7","6","-16.67"
"5c80bd2ab1ad6a6fc52a7eb3","Prosehome","4.1","3271","1","4","2464","20000","140000","7","6","-16.67"
"582833faea77701b456c786a","Sangboo Store","3.9","10600","8","3.8","326","17400","120330","5.45","5.38","-0.32"
"59aaa4d39fbc514dc80328e3","ONLYZY","3.9","17120","4","3.5","571","17000","172000","10","17.5","26.56"
"5b14d31d7e43f22f255ea98c","taomi  gogo","4.2","21012","3","3.8","1330","16000","44290","3.83","38","88.88"
"5406cabdc5c2464980dc6314","Sammy ","4.2","139788","4","4","772","15100","125600","7.25","23.5","46.07"
"5ae90e716691361cdb40fb0b","jjqiiozoqv","4.3","5781","4","4.3","683","15100","125800","8.25","22.5","49.39"
"5784d339e8aa8938977fefd0","shenzhenmaoyifuzhuangdian","4.1","21485","3","4.3","965","15050","140400","8.33","17.67","30.61"
"569f632ed5f0840dda331a97","haohuangsheng","4.2","22765","2","4.2","1412","15000","170000","10","14.5","24.02"
"5810bc6d61e38656e04e8ba2","guanzhiming44553","4.1","7069","2","3.6","1255","15000","99500","6.45","5.5","-17.33"
"583547f417dc6224cb464117","singing  the  song","4.1","4213","2","3.5","765","15000","115000","7.5","7","-7.14"
"597767f6171974220c25560a","liuani","4","16447","2","3.9","2312","15000","200000","13.5","11.5","-17.42"
"5c73a50ba0e25714e7f2bf90","realmhome","3.9","4178","2","3.5","1074","15000","120000","8","7","-14.29"
"57baf75f63834218e305e4f4","xiejiatang","3.9","32858","5","3.8","804","13100","170490","9.78","8.6","-11.98"
"59c86bce67e9be6f9da5cb03","kuailem","4","37956","4","3.9","717","13000","58050","6.1","43","63.92"
"556d0dc2c00cd721cce30dd1","SZLCGC777","4","25260","3","3.6","1431","12000","82000","6.33","6","-5.56"
"565c13ad389b9b2df29caa32","Sonick","4.1","11505","4","4","312","12000","96430","6.11","11.5","32.63"
"566eaa533a698c6442549a74","Molesfashion","3.9","5083","4","3.5","489","12000","101580","7.4","25","36.86"
"584bcf7bfef409603f39b619","Chuanpu","4","35358","3","3.9","619","12000","52800","5.96","6.33","7.47"
"5667f9745eec70268023940b","longfeifengwu","3.9","130598","5","4","437","11200","78080","10.18","13","3.72"
"5832e5632f5e534c23488f06","yiliannvhai","4.1","18029","4","4.1","521","11100","130300","11.5","17.75","19.25"
"58cfdefdacb37b556efdff7c","allenfan","4","23832","4","4","320","11100","89100","8.75","9.5","6.62"
"53994751796f684b7f2193b5","Clothes-Market","4","45524","2","3.9","334","11000","121860","6.93","22.5","39.55"
"55542b4b662da7114d591723","SZLTHT999","4.1","67171","3","3.9","989","11000","92000","8","8","0.83"
"57086fd7fa6bee434d0e5852","Surper boutique","4","10501","2","4.1","1294","11000","75000","6","50","80.21"
"5829d1ca96db262f04db2063","shishishi","3.8","5934","2","3.6","410","11000","79000","8","60.5","68.91"
"5831ae002f5e534c0a485f06","jiangshanpu","3.9","4524","2","3.9","398","11000","63000","9","18","30.91"
"58481b8e728de666bd5b925f","jayne208","4.2","20387","2","4.2","1344","11000","156000","15","125","87.76"
"5954b765abea9167c0495382","tingtingwang","4.2","6329","2","4.1","1489","11000","93000","10.5","9","-16.23"
"57c306d73a698c06f98ed450","SKATE","4.1","9827","4","3.4","310","10200","61800","7.5","21","64.29"
"55cc46e9b4f3404582b70222","suzhou lever co. ltd.","3.9","29615","2","4.2","206","10100","110900","10","27","46.3"
"5667c747eb4b140fe963ba77","Justfashion","4","59234","2","3.6","398","10100","70800","7.5","46","45.29"
"57fde031235aaa1926afe803","makingsuper","4","15348","3","3.9","306","10100","75500","6.67","27.33","50.98"
"53ad2f5a46188e43c8b6bef6","Keeptop international","4.3","23719","1","4.4","2592","10000","130000","13","84","84.52"
"53f2db3c104dae6bcae0c271","fantastic_tune","4.3","230951","1","4","2150","10000","40000","4","4","0"
"5448701f90c77609a237f99f","Fashion Show Style","4.1","117487","1","3.6","893","10000","120000","12","13","7.69"
"551c02310570552bbd036dbb","Women wardrobe Apparel Trade Co., Ltd.","4.3","20169","1","4.3","3345","10000","80000","8","11","27.27"
"5556c60071e86d19fe7590d4","Grace Style Fashion Store","4.1","5993","1","3.8","1238","10000","60000","6","7","14.29"
"5577b101429aa92940bc33e7","rainbowmall","4.3","33675","1","4.3","2808","10000","60000","6","6","0"
"55cc3e5f845591103477a2f8","BENNA","4","55089","1","4","2211","10000","60000","6","9","33.33"
"5620c3b23a698c4bc7d17e8c","Chen Tidal current clothing","4","19521","1","4.1","3560","10000","120000","12","11","-9.09"
"5646e6e72a6bdb446aaf6cc8","Leemin","3.9","20037","2","3.6","402","10000","110000","11","10","-10"
"565537c7a9a8a4572be0bef5","Vangull","4.4","12881","1","4.2","3040","10000","170000","17","15","-13.33"
"565973368f5f027e14060846","SEVEN O.O","4.1","27719","1","4.2","2514","10000","140000","14","75","81.33"
"56669d89eb4b14361d45090f","Eris's store","4","23465","1","3.7","418","10000","56500","5.65","25","77.4"
"567a54fe7071ec7e12a1494e","Happy Street","4.1","12004","1","3.9","3101","10000","90000","9","8","-12.5"
"56c3c5d830d9795c3bad3124","Teamwolf","4.1","14502","1","4.1","2901","10000","130000","13","11","-18.18"
"56c55a76cce1893c1b8a1716","gimi06","4.1","5019","2","3.5","747","10000","50000","5","8","37.5"
"56e628924bd2915857b4ffdf","DAKARING","4.2","16064","1","3.7","3574","10000","140000","14","12","-16.67"
"56e6928521790d587623b3b4","Brittany","4.2","27055","1","3.8","3208","10000","50000","5","5","0"
"56e7bdeefdc43f585fce9122","seagull","4.3","9981","1","3.9","1184","10000","130000","13","11","-18.18"
"56f0f2bdc3c3715871ade946","BrendaBear","4.2","30292","1","3.7","2324","10000","80000","8","25","68"
"570ceafac277d445e3cbebe5","Excellent Fashion Store","4.1","7356","1","4.1","1312","10000","80000","8","7","-14.29"
"5730557ae3daeb5b35ee1f0b","songluping","4.1","10665","1","3.8","1010","10000","60000","6","8","25"
"573d951ad57895595f6d5854","wifehome","4.1","13399","1","4.1","2604","10000","80000","8","7","-14.29"
"57713183bd6b18740117229d","HENTOL","4.4","11333","1","4.3","2072","10000","36700","3.67","4","8.25"
"5780c6b2e8aa893157a3286f","High Flagship Store","4.1","11264","1","4.4","3078","10000","70000","7","6","-16.67"
"578ed3e53a698c2b54ac93f4","Eleven international","4","14284","1","3.9","2102","10000","110000","11","10","-10"
"57973560cb38dd77d126e9f1","VR Shopping","4.2","120781","1","3.8","1586","10000","110000","11","16","31.25"
"57d904168172661fe3b3256a","Manystone91","4.2","2888","1","3.8","1721","10000","90000","9","59","84.75"
"57e90050b97437131f78c7d7","Li WL SHOP","4","3549","1","3.8","1426","10000","57800","5.78","26","77.77"
"57fc688ffcd3bb1955cb6f31","Ruo Qiong Shop","4.2","8242","2","4","542","10000","70000","7","26","73.08"
"57fcc26f1c813a50b2a86956","007 Fashion","4.1","31559","1","3.8","1941","10000","60000","6","142","95.77"
"58061170aa46c6195c12950b","CMQ shop","4","1987","1","3.4","1316","10000","80000","8","9","11.11"
"582872761004352e57ee38a1","pumpkin262012","3.8","3972","1","4.1","644","10000","90000","9","14","35.71"
"582d5286168b54404ec5ecf2","xiaojiunian","3.9","5466","1","3.7","1938","10000","130000","13","14","7.14"
"5833f721e18c0f15d659a8ed","letaoba","4","4019","1","4.1","1087","10000","80000","8","7","-14.29"
"5847df29728de666ef5b853b","chenxiaoxiao123","4","19879","1","4.3","1858","10000","80000","8","8","0"
"584a9e7421390e4cb68dec18","xiaojubo","4","6818","1","3.3","1649","10000","80000","8","7","-14.29"
"585037af728de662411bd39a","zanglixia555","3.8","6876","2","3.6","486","10000","85000","8.5","8","-4.55"
"58579043e950f24d94f612dc","Ashley Go","4","33148","1","4","2753","10000","80000","8","13","38.46"
"586dff6c16e4106b5e5feb58","weshamazoon","4.2","28159","1","4.3","1741","10000","60000","6","76","92.11"
"58a6971e0e16e97a6636a1b8","Home Stuff","4.4","85562","1","4.3","1594","10000","46600","4.66","5","6.8"
"58a6b5d975b8da57c954c719","Dazzling_store","4.3","99283","2","3.9","749","10000","47450","4.75","4.5","-4.48"
"58b81d56e3f66d59b36812ac","A small twist of sweet fruit","4.3","9661","1","4.3","3079","10000","70000","7","6","-16.67"
"58c28c4cae99c651278d7e6e","Ji hua shishang","4.1","19436","1","4.2","1780","10000","110000","11","10","-10"
"58d20e95c7b73b52c9670c22","Beauty Look","4","32778","2","4.1","824","10000","50000","5","6","16.67"
"58da4490933abf52ad547200","eatluncher","4","23485","1","3.9","2519","10000","80000","8","118","93.22"
"58dceeb2a6d6757401114dfd","persisttree","4.1","31916","2","4","1055","10000","130000","13","11.5","-12.88"
"58ffff331a1cef16a78c78f4","Treasure land","4.2","22173","1","4.1","2328","10000","130000","13","84","84.52"
"591a999d1a071f7e40e984a4","HOT SUMMERR","4.3","17621","1","4.3","3075","10000","160000","16","14","-14.29"
"591c47e34d43573c91966c72","ShenZhen Lianbotongshi Co.,Ltd","4.1","15502","1","3.3","2521","10000","110000","11","43","74.42"
"591ed674fc9cce0fcd7ff354","cp7438","4","2366","1","3.6","1933","10000","59000","5.9","5","-18"
"5937930e188f3d1bd209896d","ainiu","4.1","9325","1","4","666","10000","110000","11","12","8.33"
"5939085087117919c6f12a77","chenhai1028","4.1","2399","1","4.1","697","10000","19100","1.91","2","4.5"
"5961d4e6905fdb5a6f505cd3","zhangj","4.2","11148","1","3.6","1473","10000","80000","8","7","-14.29"
"596c927e94158579f28517e3","The Small's store","4.3","1659","1","4.2","1631","10000","80000","8","47","82.98"
"59797d8e439a9870104928a1","qtcjcc03","4.3","16091","1","3.9","2253","10000","90000","9","17","47.06"
"598040ea0ec30f7f43a3cc35","yuzk","4.2","4295","1","4","3024","10000","90000","9","8","-12.5"
"599bf53b21064f19ffffc891","longfashionstores","4.1","13127","2","3.8","275","10000","100000","10","18","29.45"
"59a2e74a8696be0eeb7a7ba9","shipping666","3.9","8563","1","3.7","1467","10000","80000","8","7","-14.29"
"59b88527b77173631729908e","008fashion","4.1","21412","1","3.5","1412","10000","40000","4","4","0"
"59dc769133a48743534ac5c7","modelup","4.2","2975","1","3.8","1520","10000","110000","11","11","0"
"5a9cfdb4ccf0c85918542fdd","galowtew","4.1","34311","1","4.1","2483","10000","70000","7","6","-16.67"
"5acc6cc0c3911a32ad141f60","yangboyang","4.2","8727","1","4.5","1838","10000","70000","7","9","22.22"
"5acdb384ccf0c86f34c5d539","yutinomupoi","4.1","9938","1","3.9","1797","10000","70000","7","6","-16.67"
"5ad31267ea8764621df718c0","tianjianyingfeng","4.3","11596","1","4.1","2789","10000","60000","6","31","80.65"
"5addba5481260b1ddfffe5a3","houxiandaili","4.1","3977","1","3.9","1116","10000","70000","7","16","56.25"
"5ae5c3cb4215954239aff8b9","Wwenliping","4.2","2359","1","4.1","1496","10000","60000","6","10","40"
"5b14bc7ddaac4575492a01c5","lirenlanfan","3.9","12371","1","3.9","2841","10000","110000","11","20","45"
"5b24b6bdd1c3601ba899f0c0","cjinxiang","3.8","6158","1","3.3","1276","10000","120000","12","11","-9.09"
"5b2604207b94e16c00375350","zhaowenxiang","4.3","2736","1","4.3","1669","10000","60000","6","6","0"
"5b43232f86152a07d4ffc58c","yanxiahome","4.2","4907","1","3.8","1715","10000","80000","8","11","27.27"
"5b52ea49b56d05463d973207","wuxinqiudress21076","4.1","6651","1","3.7","904","10000","80000","8","22","63.64"
"5b629265299c7e3db17cf86d","hanqidress180","4","19735","1","3.9","2892","10000","57700","5.77","5","-15.4"
"5b658cbebc3b221445ba1440","pumpkincarriages","4.1","8547","2","3.4","1632","10000","70000","7","159","95.6"
"5b6bb9c8dd0d902d18928318","nanguoguan","4.1","7544","1","3.9","1232","10000","56800","5.68","7","18.86"
"5b8a5636af279f1699366496","maozhuocai","4.3","3309","1","4.2","3229","10000","180000","18","17","-5.88"
"5b8beef49996c87b299cdbec","2312hangm","4","6302","1","3.7","2058","10000","110000","11","10","-10"
"5bd0a13aa8f4bb2739445be4","SOLID VALUE","4.4","2174765","1","4.3","2068","10000","56600","5.66","5","-13.2"
"5bde9444a53011739fbde291","hzxuch","3.8","2127","2","3.5","707","10000","85000","8.5","8","-5"
"5d3d59c772b0c92f4d1ea32d","Shen Fashion Style","3.9","1702","1","3.7","1792","10000","70000","7","16","56.25"
"5d4b891183889735374d3c88","sunsunxinxin","3.8","1260","1","3.6","1285","10000","80000","8","56","85.71"
"5d52278327752b029793c927","Happy kids shop","4.2","783","1","4","510","10000","17700","1.77","2","11.5"
"5495976a40b3782bc8b3654a","OOWW FASHION","4","73271","4","3.6","563","8000","75000","9.75","11.25","5.11"
"587f85cbb8038f4cb049c56c","First Crush","4.1","50864","3","4","432","7000","42800","6.27","14.33","42.96"
"5ae296b6cd968d66be12d247","chenqinq","4.1","3592","3","3.6","266","7000","74000","8.67","24.33","26.55"
"5ae3d438c1d5187ae0dcea90","pwiuxuus","4.1","5042","3","4.2","433","7000","75000","10.33","27","35.92"
"571b38e66c39b141b1ad43e1","LALALA FASH","3.9","3053","4","3.9","137","6200","46900","5.75","5.5","-3.57"
"58311e2257e86a1b8863f74c","wangjiangxu","4","7076","4","3.7","193","6200","40900","8.5","33","35.38"
"58a99ceca65ebc504a6ebf1e","longming","4","27175","4","4.5","325","6020","43060","8.95","42.75","36.7"
"58b92804935861529969e778","USA Mall","4.3","6357","3","4.1","197","6010","37540","5.97","5.33","-10.76"
"5788a55ba78e3f2dce4126ff","allofme","4.2","13884","2","3.4","858","6000","19000","3.5","3.5","0"
"583e34bb0299bc7904a92edf","Lees Closet","4.2","5819","2","4.2","481","6000","54000","9","8","-12.5"
"5860cf7b0929fc4d76180aed","Girls' showtime","4.2","124563","2","4","484","6000","56000","10","9","-11.25"
"58d0c52c19bf8b6b34178db0","886806Blw","4.3","30225","2","3.8","985","6000","63000","9.5","61","80.76"
"5d464f4a56a26046dd1bb8a4","HwaLee","3.8","779","2","3.6","491","6000","72000","12","11","-9.09"
"5d49403060c79c113a908720","Kallyett","3.9","3460","2","3.6","743","6000","43000","7.5","6.5","-15.48"
"5268759b736046671957190c","Maryswill","3.8","91631","5","3.8","187","5400","29720","2.31","10","74.7"
"55f7c64b3a698c4749f3bccf","Adrea boutique","4.1","14676","4","3.2","308","5250","32050","7.75","13.5","11.24"
"566a47bfe9fa8a31b3ef5141","owiner","4","25222","5","3.5","279","5250","36650","6.8","32.4","67.63"
"53f6b7c81c105e2dfac91041","charming_family","4.3","225438","3","3.7","366","5200","22200","8.67","8","-6.67"
"54d83b6b6b8a771e478558de","sell best quality goods","3.7","4435","3","3.2","529","5200","25400","3","46.67","91.67"
"5788dc8d88eb7a2e8a04b1b2","shenzhenxiaozhishangpu","4","38258","2","4.1","458","5100","71100","12.5","35.5","32.34"
"5817f156d8ef7848c3b400cc","ocean5for8ZH","4.4","73595","2","3.8","277","5100","61100","11.5","128.5","90.25"
"583e3e7a5022c71b82d1b18c","bethaz19","4.2","2199","2","4.4","425","5100","29150","6.35","13.5","27.19"
"58ba636a69ad29505a730852","Memo2","3.8","18138","2","4","154","5100","25174","3.37","43.5","53.56"
"5963882dd9b42511248ca27d","silveres_9","3.9","2363","2","3.3","368","5100","80595","10.98","10","-6.73"
"5ad4325e9bda4e08bf7fd188","qinjingjing2018","4.1","8117","2","4","386","5100","57300","17","64","35.25"
"5b235f8ad1c3603c027fdcda","SEABOY2","4.2","5841","2","3.8","1092","5100","70600","10","9.5","-3.85"
"5d173ba2dbf7606ee45e0b19","Wufangzhong","4.2","7851","2","3.4","252","5100","30600","6","17","64.71"
"530306fe34067e3f15c41d87","ailla clothing","4.1","9116","1","4.1","1561","5000","95000","19","21","9.52"
"53c62f6b46188e177eb57b6d","vipgirl","4.3","12083","1","4","781","5000","80000","16","56","71.43"
"53e4bb20ff4d6d1b68bdb6d1","bestwsih4u","4.1","253249","1","3.3","510","5000","18350","3.67","9","59.22"
"540ec1f21d2d431f2d4b5cb6","MayLin1230","4.2","3532","1","4","1355","5000","40000","8","122","93.44"
"54236fbbf6d29616559514c9","beauties","4.2","41906","1","4","921","5000","40000","8","27","70.37"
"5435ef5d01c0c057210e6b32","World Deal","4.2","228676","1","4.3","1612","5000","80000","16","34","52.94"
"543cf22998dc200761d621b2","Fashion show11","4.1","9465","1","4.3","922","5000","28450","5.69","17","66.53"
"547bdd648edcfa5656cac810","Faringoto","4.3","223392","1","3.4","1136","5000","13300","2.66","3","11.33"
"54f804901c36ca266909d090","smileeveryday","4","15173","1","3.8","1163","5000","95000","19","17","-11.76"
"5528e31e43a8db0c29241cd1","so crazy ear","4.1","8500","1","4.3","728","5000","55000","11","10","-10"
"5576bb43de4a8c24953ae98f","uranus","4.3","23609","1","3.8","1183","5000","55000","11","10","-10"
"561921dd9342a274cb448c07","fashion belts","4.4","1963","1","4.5","907","5000","40000","8","17","52.94"
"563a19d1f75382101530dc15","SZ Globe Fashion World","4.1","39395","1","4","1269","5000","40000","8","7","-14.29"
"5641e263906c9c12737e6725","Star Trading Company","4.1","5534","1","4.2","1002","5000","28250","5.65","9","37.22"
"5646025ecb3a45127928c032","Younger Style!!!","4","5660","1","3.3","1897","5000","55000","11","10","-10"
"56d6cf588bd26e03ee663123","sangery","4","7889","1","3.6","985","5000","45000","9","50","82"
"56d954c8d30d44338d07e50a","The nice men fine leather goods","4.3","4809","1","3.8","797","5000","35000","7","22","68.18"
"56db028b3a9cb801c374b3c6","LONG Fashion mail","4.2","9486","1","4.3","901","5000","30000","6","6","0"
"56dd52e8e0a234169b46c4ca","sundaterly","4.1","14275","1","4.2","827","5000","45000","9","8","-12.5"
"576518fcf093bd5e79c5e351","praden","3.9","17244","1","3.6","127","5000","65000","13","51","74.51"
"578793716b944637fa356bb4","xingle","3.9","1411","1","3.9","609","5000","30000","6","6","0"
"578e02bec0e9340e993d13f4","hellocome","3.9","5365","1","3.6","309","5000","40000","8","7","-14.29"
"578e0488ba8cd20e9b1b4a3b","Bruce Sky","4.3","13510","1","3.3","1013","5000","25000","5","5","0"
"57ac6144abd6d018985e34a7","haitaotaomingdian","3.8","24095","1","3.7","1072","5000","75000","15","13","-15.38"
"57adc71ab0960b039817e137","chaokelaihuanxishangpu","4","24771","1","3.9","740","5000","45000","9","8","-12.5"
"57e00221b8115e1061a6f6d0","Top 1 toYOU","4.2","4373","1","3.9","957","5000","40000","8","7","-14.29"
"57ff8bcd0712e0312f81ed73","zjyuanhang.1","4","1029","1","3.9","320","5000","10000","2","2","0"
"5810b1db3deb94160f5cd4a3","zktrade.co.ltd","4","15436","1","4.1","616","5000","30000","6","6","0"
"58160e10f870301b4bff64fc","zhaojinghui","4","3915","1","3.7","878","5000","45000","9","8","-12.5"
"5819eb90d3d4474ddf97b23e","liaowangting","4","5995","1","3.6","763","5000","25000","5","5","0"
"582173d6797f2308a87626e7","fashiononmywayup","4.3","92654","1","4.1","998","5000","28250","5.65","5","-13"
"5825d0a72cf1425389672c35","shishaokang","4","12574","1","3.7","581","5000","40000","8","7","-14.29"
"58314fcb7284901b7ca0d358","yuhkgmaal","3.8","9678","1","4.1","555","5000","40000","8","8","0"
"5832a8766945cb1c96d3e2d8","yunanjie","3.8","12348","1","4","1058","5000","90000","18","27","33.33"
"5837b0dc751d4d1b6e319c73","vibrance_boutique","4","56745","1","3.9","1224","5000","65000","13","11","-18.18"
"58380161e18c0f0c70dd6907","hallerail","4","14194","1","3.4","1248","5000","40000","8","7","-14.29"
"585a1ec0b357934ca66b1457","OIZEN","4.5","47476","1","4","1571","5000","55000","11","26","57.69"
"585a8e9a7b78704cd251a232","yuanchentrade","4.1","11883","1","3.9","883","5000","25000","5","5","0"
"585f9ac5d7d14e4d51c16d4e","To maintain a good mood is the good life","4.1","33705","1","3.8","1169","5000","35000","7","9","22.22"
"5878edca3497136a61732df9","UTOA.SPORTSOUT","4.1","4921","1","3.6","983","5000","40000","8","7","-14.29"
"5879cca64f3f2e4e79ae70ae","delamareglass","4.4","12666","1","4.3","825","5000","20000","4","26","84.62"
"587b63ed3cca004cbd02d7d3","guangzhouyangguang","4.2","6476","1","3.8","1442","5000","30000","6","38","84.21"
"587b795b0366d00c898ea210","aa388ps","4.1","2359","1","3.8","1017","5000","45000","9","13","30.77"
"587f55e57f83404d58fe59fb","caohongbo","4.1","4335","1","3.9","613","5000","45000","9","8","-12.5"
"589ae185ad330a4feb2b6dd5","Sweat moly","4.3","68339","1","4.1","2737","5000","40000","8","7","-14.29"
"58be241991fd205b2462acc3","ZanzeaFashion","4.3","32386","1","4.2","686","5000","70000","14","84","83.33"
"58c4f51a77361650efb028df","justlovemequella","4","1821","1","3.5","593","5000","45000","9","8","-12.5"
"58de1f5eef07c15511148726","yushimaoyi","3.9","3990","1","3.3","701","5000","60000","12","16","25"
"58e5a2822d91301f0b3a6bd9","pinksnow","4.1","20824","1","4.1","1366","5000","40000","8","65","87.69"
"58eb0bacd36f081046b7149c","shaomengna","4.3","2380","1","4.2","870","5000","40000","8","7","-14.29"
"58f0a6738a60c363c1281d72","Anqiyila","4.2","11680","1","3.5","774","5000","35000","7","25","72"
"58f6f47891a95f10f0c54b8c","dream_studio","4.3","92005","1","4.1","1512","5000","40000","8","7","-14.29"
"5902b4eab3e322098d3b41eb","aristotle","4","35751","1","4.1","1514","5000","55000","11","88","87.5"
"5911220e84aaef7ce5d732ef","Sunshine754","4.2","13308","1","4.2","1650","5000","30000","6","17","64.71"
"593aa1956a74d26d7914a7e4","JEANSDE","3.7","1021","1","3.3","887","5000","60000","12","11","-9.09"
"593f5bc925c4f57281c63593","Sun Sugar","4.3","4191","1","4.2","788","5000","15000","3","17","82.35"
"59410b5a7c64942ee36dad7a","owlzaw","4.3","3209","1","3.7","894","5000","40000","8","7","-14.29"
"5950dd272eac1127e00c4883","Skrt","4.2","5985","1","3.4","647","5000","70000","14","89","84.27"
"59538508e81e8a67610d9c8b","summernights","4.2","13075","1","3.4","734","5000","70000","14","68","79.41"
"59644507366c0629be364972","zhongminjun","4","12933","1","4.1","1336","5000","45000","9","8","-12.5"
"5972058b439a9828e425dd78","chailing","4.1","13879","1","4.2","1401","5000","55000","11","11","0"
"59a8267535e73b1fe45b702e","cyh888","3.7","1686","1","3.2","1212","5000","35000","7","6","-16.67"
"59afe1e030e1f33208fb2ca0","suzhure","4","12033","1","3.6","601","5000","35000","7","6","-16.67"
"59b29ff23eb22a1355606548","AKLOVERS","4.5","19184","1","3.5","1257","5000","75000","15","13","-15.38"
"59cc8ef5776ab943e535b888","kljolk","4","32323","1","4","1632","5000","75000","15","13","-15.38"
"59cef71c21064f20067f4313","duoleh","4","2700","1","3.9","787","5000","40000","8","17","52.94"
"59e6e21337f9f80861ee895f","loveisabicth","3.9","7631","1","4.3","1057","5000","40000","8","50","84"
"59e70d8ceea5c546fa152f42","Lyxljcktwsjtzwlstore","4.2","8166","1","3.7","917","5000","40000","8","7","-14.29"
"59e968275d6f342463a6157b","nacylucy","4.2","24306","1","3.8","1095","5000","65000","13","68","80.88"
"5a17b55d1f4d8c4f0b44b0ce","postonny","4.1","15855","1","4.1","1903","5000","90000","18","27","33.33"
"5a1a2758f3c1176a45e41544","Tinaglobalstore","3.9","1490","1","3.5","1045","5000","55000","11","12","8.33"
"5a5a074d87c25b39c7a80ef1","zhangjian1234","3.9","9926","1","4.1","939","5000","30000","6","41","85.37"
"5a5f153e430b71500d87877c","htaassw","4.2","4632","1","3.5","920","5000","40000","8","58","86.21"
"5a6166cbedd44230ea9c60dc","wangdandanshixiaoniao","3.9","2510","1","3.5","876","5000","40000","8","7","-14.29"
"5a69c113da6ce6220cd14e05","lilianjie","4.2","8740","1","2.9","667","5000","25000","5","5","0"
"5ac0310597223354603de223","Jingka","4.3","4610","1","4","1556","5000","55000","11","10","-10"
"5ad02d61ccf0c866db06b8c9","beihaidaofj","4.2","2114","1","3.6","437","5000","28450","5.69","5","-13.8"
"5ad6ddb822fad74c8ed3fa3a","jmm926","3.8","1029","1","3.8","429","5000","45000","9","8","-12.5"
"5ae2fae49d5e9703cfd6b63c","ChenMo Shop","3.8","4830","1","3.3","692","5000","55000","11","17","35.29"
"5ae417f567d25c041f6dd934","xiaoameiyou","4","1288","1","3.9","387","5000","60000","12","17","29.41"
"5ae6dab8b125ab6825502d06","yu wen xiu","4.1","2293","1","4.1","856","5000","18650","3.73","9","58.56"
"5b5576f84543f458aee346fb","minyuehuaiy9618","4.1","4220","1","4.1","437","5000","70000","14","26","46.15"
"5b5a8a32f114fc2a4ca301d3","yangyanlinbh202","4","7874","1","3.5","1442","5000","70000","14","27","48.15"
"5b96067f42ebca48f6c041e8","eeeeffff889966","3.9","4571","1","4.1","792","5000","65000","13","17","23.53"
"5ba8dffeb2f5b12221c73576","Xiaojun579","3.9","2608","1","3","299","5000","55000","11","108","89.81"
"5c17357134f7db2450b03d51","LuckyFA Trend Shoes","4.1","1998","1","3.7","615","5000","30000","6","29","79.31"
"5d55015e3cc46d5c40a15c19","YULINGH","4","1181","1","4","588","5000","45000","9","19","52.63"
"5d7c4cc361090057c2bc7331","huhaniu","4","571","1","3.9","192","5000","60000","12","13","7.69"
"5e50d52818034a6835aeed37","chenyarushop","4.1","591","1","3.9","239","5000","10000","2","7","71.43"
"5e673ce450536b05cca259f2","zengzhaoti","4.2","602","1","4.1","377","5000","55000","11","38","71.05"
"545c2b1790c776172b72d5ab","bluesky1","4.1","47356","4","3.7","407","4000","52000","13","11.25","-15.48"
"5aa78a0c75599a5bd049d682","myunxiaodian","4","5264","5","3.2","261","3200","35200","9.2","11","16.36"
"5ae00dbf67d25c69bcf0251c","yuanhuaxiaodaian","4.2","4811","4","3.8","167","3100","36100","11.5","22.75","13.29"
"5e5363458cd99e4035bcd1c8","chengyongbo64","4","703","3","3.3","86","3000","25850","8.62","63","85.92"
"56fba259138ef73c2a749a56","zuilangmanDS","4","5654","6","3.6","97","2400","4842","3.12","3.33","8.25"
"5177b0b63feb620dd802a197","Maxnina","3.8","105015","5","3.6","64","2300","16716","6.83","6.6","0.48"
"5d5256c527752b19063d8c53","alabaostore","3.9","247","5","4","51","2300","16366","7.53","6.8","-7.27"
"5d4a717070327a03c1e7644e","dududustore","3.8","3762","5","3.8","34","2250","23627.5","6.03","7","21.02"
"5952a218e81e8a4c30b5bbbc","mayuhiao","4","9470","4","3.6","197","2200","14958","6.37","5.5","-15.92"
"5ae7cee3a71fbf0725de5d43","dawtgkaopai","4","2044","4","3.2","84","2200","13154","5.89","21.5","59.12"
"56c6a33fabb774437118cd63","bazaretsaintfrusquin","4","7936","3","3.2","86","2100","7200","6","5.67","-3.03"
"570e15d2a18a3f5bc5285b9d","blessua","4","7858","3","3.1","235","2100","16366","6.55","14.67","42.83"
"58259c456ebae74739ecfdc8","jiayun shop","4.2","2248","3","3.6","249","2100","24500","9.67","9","-6.06"
"58c35950e2de036da9e2b570","roserose","4.1","38985","3","3.8","359","2100","19100","9.67","48","64.58"
"5abb2cf26be8733b5bf6844f","maligoodsmart","4.1","31138","3","4.2","86","2100","6323","3.53","6.67","48.03"
"5ae29b4e1baafe7c0109c5ae","longlongchenchen","4","3300","3","3.8","151","2100","14900","7.67","25.33","39.36"
"5ae93337d204cc177313f242","huaxianglarou","4.2","4516","3","3.9","87","2100","20800","9.33","20.33","51.75"
"5440e3d7f8abc82cbd97b19c","Gossip Girl 1","3.9","87178","2","3.9","808","2000","22000","11","152","92.76"
"546d44001280fa3ce1bf80fa","HUASHU co. ltd.","3.9","20478","2","4.2","103","2000","24000","12","17","29.41"
"547d7e413b64451274068583","Fashion Icon 365","3.9","25631","2","3.2","602","2000","11700","5.85","13","55"
"548142ac653d51041ac1174f","Get Trendy","4.2","10377","2","4.2","307","2000","11680","5.84","11","46.91"
"55d18ce6183a5d103f970011","Youngirls","3.9","13979","2","3.6","62","2000","11000","5.5","19","66.92"
"565c293d99558d1ed8ae7fb2","Yellow store","3.8","28295","2","4","104","2000","13800","6.9","20","54.87"
"566a25e33a698c1f131fd872","CVhart","3.9","36913","2","3.9","59","2000","15000","7.5","11","28.63"
"580f06685250a20783d33e56","saya2016","4.2","11900","2","3.6","159","2000","28000","14","75.5","81.22"
"583512a3b63b3b249b0acc46","Streetstyle","3.9","25914","2","4.3","134","2000","12000","6","47","87.23"
"58c910072be00b51c601ccee","BigHero","4.1","6715","2","3.6","130","2000","20000","10","33.5","34.43"
"58c921126c30436b692b1ead","speedup","4","16523","2","4","576","2000","22000","11","33.5","32.73"
"58fde9517c09181253b0ef86","mimily","4","9341","2","3.2","245","2000","14000","7","6","-16.67"
"5901f6c2a8e3eb2aca4b5559","chaojishanghu","4.3","4508","2","4","258","2000","24000","12","22","45.45"
"590f2995f3d19c2cba264414","Amoy fashion","4.3","2792","2","3.1","31","2000","10000","5","5","0"
"5938c5a58e5b2e6601f01c6f","No1fashions","4.2","6775","2","3.9","546","2000","30000","15","68","77.94"
"59aebfa350df6107c1eff8c8","naturalcolor","4.4","13625","2","3.3","179","2000","14000","7","30","76.67"
"59c7610621064f2f6c8c9fe7","HuanShiCiTrade","4.1","2076","2","3.5","220","2000","16000","8","7","-14.29"
"5a5c78ee9d0a7b724c6535fa","charmyaner","4","3373","2","3.7","162","2000","18000","9","65","86.15"
"5abf36d540626a753e8fc18a","HuaBaoxuanhandicraftshop","4.3","3883","2","3.8","435","2000","10000","5","5","0"
"5adef3559d5e9767b3177472","meiximeiyo","4.1","7034","2","4.1","295","2000","18650","9.33","8.5","-6.17"
"5ae56280ddf45b183333ac45","zoushoujintmiao","4.2","3161","2","3.7","163","2000","11740","5.87","36","72.06"
"5b4028d56385741bff3b9163","happy feng","4.4","6187","2","3.9","209","2000","11740","5.87","11","46.64"
"5b8e776e2eb51f7a5900a88a","ZZXia","4","1322","2","3.4","373","2000","16000","8","7","-14.29"
"5d410bd1fe55c814ade29a1c","Super Shopping Mart","4.1","612","2","3.5","118","2000","16000","8","7","-14.29"
"5d46d6fd4c78550b43ab8351","Wushuang Sciense","3.5","942","2","3.2","86","2000","16000","8","7","-14.29"
"5d47dd864f7ba75f53d67c7c","kaiqiangmaoyi","4","1290","2","3.5","49","2000","14000","7","50","86"
"5eba4507ad610e0589cab8c3","songliling","3.7","232","2","3","87","2000","12000","6","10","40"
"54db03867851097093c0efe7","fuzhoushicangshanqutiantuwenhuachuanboyouxiangongsi","3.9","8989","4","4","92","1300","13300","8.5","7.5","-13.81"
"593fcbd5ff3e807d6a8485ff","shiyipanpan","4","12919","4","3.1","22","1300","14500","7","6.25","-7.05"
"5aab3c8ea6bf7a704caec65c","DERNMUUR","4","17471","4","4.2","178","1300","13749","7.37","6.5","-14.72"
"5de0981739adf2a3406bed18","liuyaling66058","3.7","288","4","3.4","101","1300","16700","10.25","9","-13.54"
"55dc300452a04b658ad68139","Denas Fashion","3.9","26473","3","3.1","172","1200","15162","8.54","24","48.2"
"5700e7eac1bed1088d6cd40a","loft415","4.1","7363","3","3.6","103","1200","7800","8","9.33","15.19"
"5836e38728f25753fe6af6a8","rtgh","4","45151","3","4","207","1200","14600","12.67","11","-15.15"
"5864767762a1e84ca30df7c9","yourvogue","4.2","26833","3","4","210","1200","17400","13","93.33","86.12"
"58a6f92596f1bb57c40b0d56","wushein","4","7627","3","4.4","182","1200","8450","11.22","11","1.3"
"58b7d6dd3c18975a18817d64","Shades Darker","4.3","794","3","4","60","1200","9200","9.67","8.67","-12.22"
"58db84154f0c6b53626b73ac","sunnygee","3.9","33855","3","3.8","171","1200","12678","9.26","34","52.2"
"5b0b907d59206904541886cf","huangyulanl","4.2","514","3","4.2","97","1200","19200","16","14","-14.29"
"575cfe470551415caa5505b5","terbuer","4.1","9395","3","4.4","206","1150","9700","6.67","26.33","75.4"
"594ba69f2eac11550ec111a1","The leisure pavilion","4","7676","3","3.7","90","1150","9792.5","9.28","13.33","34.79"
"556425de56aea60ea1d17778","changzhouzeranshangmaoyouxiangongsi","4.1","11401","2","4","69","1100","11300","7","28.5","39.81"
"556d68d19fb8ca1a0c4d82ee","specialforyou_68","4.3","104269","2","4","375","1100","13100","11.5","87.5","86.84"
"5684eae9daaaee26a0fdadba","Unnistore","4","47981","2","3.4","229","1100","8800","8","29.5","66.95"
"57b58a411f608c02bd6976a4","yunquan","3.9","5175","2","4","158","1100","9100","9.5","8.5","-12.14"
"5808e2beff6c57435af7df2d","hcczhiqiang","4.2","2707","2","4.2","101","1100","5260","4.43","4.5","1.4"
"583658e928f25754106ae102","asyouwill","4.2","15551","2","4.2","115","1100","13600","14","95.5","85.39"
"58aec90823ef726994a323fe","liminny","3.9","12134","2","3.6","243","1100","6610","6.46","5.5","-17.43"
"5a9e3a01ccf0c80c2d372870","wisetqw","4.1","9857","2","3.6","131","1100","6160","5.33","5","-6.6"
"5aca1225e053885132dc837a","love ~xi","3.7","1452","2","3.9","103","1100","12200","11.5","10.5","-9.55"
"5d40ffe372b0c94d00f6c1f0","nmgyusj","4","1559","2","3.8","109","1100","4390","5.35","5","-4.46"
"5d462e58f320403871a78593","chooop","3.8","2055","2","4.1","93","1100","8700","7.5","6.5","-15.48"
"5d5f4780bd01a83fca39e0db","LLpp","4","1373","2","4.4","22","1100","1908","1.8","25.5","92.93"
"5e548120207f9d0685eec2ea","logrenvu","4","484","2","3.8","62","1100","1884","1.77","5.5","44.56"
"5b29ff427752c84390ed6ecf","reyoun","4","4773","2","4.5","25","1050","9400","8.5","59","84.2"
"51aff6a38e221e2cafcdc0cb","Clothingloves","3.6","82219","1","4.2","300","1000","9000","9","9","0"
"53df1a1046188e7ac043c6da","zongxindianziyouxian gongsi","4.2","5048","1","3","205","1000","19000","19","26","26.92"
"53e98c6446188e1d4d3a38bd","wisefield","4","4230","1","3.7","76","1000","1800","1.8","2","10"
"5440df5815133758cf40f1e3","Snow White","3.9","15407","1","3.6","137","1000","12000","12","85","85.88"
"544e3da38edcfa4c456f6181","new top","4.1","6300","1","4.1","100","1000","11000","11","10","-10"
"545dab9f5f313f1e28cb1a2f","wonderful1688","4","9308","1","3.7","150","1000","5860","5.86","5","-17.2"
"5466e6343dabbe66ab062be8","Women Clothes Factory","4","4622","1","3.7","445","1000","14000","14","51","72.55"
"5466fad41280fa5ca27ba85d","Siebel Angel Baby Paradise","4","10264","1","4","475","1000","14000","14","12","-16.67"
"547465748edcfa6ceab14f70","wofu_network_technology","4","73119","1","4","221","1000","11000","11","10","-10"
"5489a2fe546ead1ec9215829","Daily Market World","3.9","905","1","4.1","429","1000","8000","8","34","76.47"
"54922e98223ebf6980220266","Trendyshow","4.3","44840","1","3.9","566","1000","12000","12","72","83.33"
"54a2cd4940b3782666e8a5bf","THE wolf come","4.2","4778","1","4.2","479","1000","17000","17","75","77.33"
"54d30f53dc8ce133f79b434d","New Fashion Shopping Park","4.1","44837","1","4.4","217","1000","5650","5.65","6","5.83"
"5514d13ce87fd21cf12f9d0b","JingDu international trading","4","21226","1","3.6","605","1000","8000","8","7","-14.29"
"551506dc18b2791039a7286d","Beautiful plant","4.4","1370","1","4","326","1000","13000","13","72","81.94"
"5528e6afecb5250bffe81ef7","xuzhen","4.4","32318","1","4.3","178","1000","3720","3.72","11","66.18"
"553c93bcd57a0156022b1598","Vincent Fan","3.8","18762","1","3.4","255","1000","19000","19","17","-11.76"
"55419b79439bb51755098f63","Flirey co.ltd.","4","9002","1","4.5","217","1000","11000","11","11","0"
"555bf637b0213719da7229df","D.M Tianjin Network Technology Co.Ltd01","4.4","6275","1","4.1","196","1000","8000","8","38","78.95"
"557ac6650a43e41ba218240a","Lang Wei","4.1","45372","1","3.7","127","1000","4680","4.68","25","81.28"
"559f4066577ce11970f7f7fa","hangzhoukulunfushiyouxiangongsi","3.8","21842","1","3.9","115","1000","4860","4.86","8","39.25"
"55c89dc93a698c6010edccc4","Nalin International","3.9","13309","1","3.5","938","1000","6000","6","56","89.29"
"55d480c092e9ba1242bd816a","cindy","4.1","15948","1","3.3","252","1000","5000","5","5","0"
"55dc6b85f51bf838d3e3dcc2","topsea","4.3","62240","1","4.1","546","1000","14000","14","86","83.72"
"55e51e53c9f8235d17759948","liuxiaojun","4.1","541","1","4","235","1000","22000","22","159","86.16"
"55f982b029624842ab599cc3","see you","4","2685","1","3.7","258","1000","6000","6","7","14.29"
"564b2fb5c126a0127af8441e","shenzhenshihuayanmaoyiyouxiangongsi","3.9","10320","1","3","102","1000","5000","5","5","0"
"565c1b173a698c769e2be15d","Masa co.ltd.","3.9","4072","1","4.3","220","1000","8000","8","25","68"
"566a3ef17233ff2686443082","shanghaimingqidianqikejiyouxiangongsi","4.3","25752","1","3.8","843","1000","8000","8","7","-14.29"
"5684ca0f73c0e02989b91cad","Flora boutique","3.9","8197","1","3.8","5","1000","1000","1","11","90.91"
"5695ee973fa51e32deafd9c9","Liifashion","3.7","42514","1","4.2","158","1000","8000","8","18","55.56"
"56961502ca1588618ca6d5fe","Legeit","4","14780","1","3.9","161","1000","8000","8","252","96.83"
"56a6d6f9cc46da0df30dd801","youlika","3.8","4924","1","3.6","181","1000","12000","12","11","-9.09"
"56c30460d7e2821146329f82","Zaamami","4.1","9651","1","3.5","181","1000","3710","3.71","6","38.17"
"56cc2ea09879a4136344cf49","stayflyskate","4.1","7348","1","3.6","120","1000","8000","8","7","-14.29"
"56cd7070df108f481ff3e00e","neellery","3.9","16527","1","4.2","129","1000","9000","9","9","0"
"56d572b08ec6660796b65705","chillerty","3.9","21012","1","4.2","45","1000","8000","8","9","11.11"
"56ebb573e652e91f9ca6a674","Wuanna","3.9","11354","1","3.9","854","1000","15000","15","13","-15.38"
"56effd3864d54a58a619bdb1","wuguipanwei2016","4","639","1","3.9","344","1000","12000","12","31","61.29"
"56efff5017777d430c47b78e","HEH Shop","3.9","870","1","3.7","646","1000","12000","12","11","-9.09"
"5700e2be27992f63cdca2dca","HillnTrees","4","8484","1","3.1","31","1000","5000","5","8","37.5"
"570cfe55a18a3f4630d18c02","Superman Fashion Store","4.2","1178","1","4.3","429","1000","14000","14","12","-16.67"
"57108cd6a995b507211ef8fb","Knights","4.1","9136","1","4","855","1000","13000","13","50","74"
"57383b023a698c3a936ce406","heqiongdian","4.3","2946","1","4","194","1000","7000","7","49","85.71"
"575a9d8d6813ab5ceeb09521","May One","3.9","4136","1","4","153","1000","8000","8","72","88.89"
"576b9101ac55bd7f2108992b","spearnaily","4.2","37375","1","3.6","116","1000","2720","2.72","17","84"
"5787268541b5257c73d0132f","WPZ SHOP","4.2","14974","1","4.2","621","1000","8000","8","9","11.11"
"57878a7316b28907b9b50131","shenzhenxiaoshangpu","3.9","15812","1","4.5","47","1000","6000","6","22","72.73"
"579f12b73087c40f57abcd3d","yanglingling","3.9","3727","1","3.9","398","1000","12000","12","11","-9.09"
"57a09a5649c29a34cf282715","markit","3.9","8433","1","3.5","409","1000","8000","8","42","80.95"
"57a155a4b63950286426744f","lan ban wang","4.3","3403","1","4.3","794","1000","8000","8","48","83.33"
"57a1ac972b6fb2282425b585","congxiaolong","3.9","466","1","4.1","152","1000","8000","8","7","-14.29"
"57b1288be4830507cc9f586a","DEMANGO FASHION SPORTS","3.8","1733","1","4.3","410","1000","11000","11","10","-10"
"57d64f7bcafd22102c3a5fc2","MC lin store","3.9","3119","1","3.7","41","1000","2000","2","56","96.43"
"57d67d2bb1adb8102d39f90f","DaDaDa Bao","3.8","8362","1","3.6","131","1000","11000","11","11","0"
"57ee6909567a8d101913df98","Oneshopp","4","18831","1","3.8","428","1000","12000","12","11","-9.09"
"57f7b4a3bc506d1e56530cdd","WX Shop","4.1","2505","1","4","471","1000","6000","6","9","33.33"
"580f361ff6978b4fdba4b112","mynewsoul","4","1281","1","3.4","78","1000","2800","2.8","3","6.67"
"5810c45baf5d3c19670b3f9a","Xu Han watch store","4.2","8352","1","3.5","558","1000","8000","8","7","-14.29"
"5819d0d196f2cc7dffad41ec","liveupp","4","1012","1","3.5","101","1000","3810","3.81","4","4.75"
"58285d7f168b5430c5090ab8","shirely_store","4.1","1663","1","3.9","623","1000","5820","5.82","58","89.97"
"582b156ff6872e749e4d1ad4","stev5344","3.9","13814","1","3.6","81","1000","9000","9","8","-12.5"
"582bd2fde18c0f0a402ba101","Fannystore2016","4.2","29044","1","3.9","646","1000","15000","15","101","85.15"
"582ff94e0d44631042fe7c41","haoyouduooo","4.3","14298","1","4.1","439","1000","8000","8","7","-14.29"
"583998c51591454a04a79709","mumofson","4","40457","1","3.6","548","1000","14000","14","12","-16.67"
"583bdad32f5e5304a69d5bd3","shenghuhouse","4.4","1428","1","4","330","1000","6000","6","6","0"
"583edf165022c71b82d1d6c7","william pollard","4.1","4048","1","3.7","332","1000","13000","13","13","0"
"584426309b0f754de95d6b50","yehuihui","3.6","3809","1","3.3","395","1000","5000","5","22","77.27"
"58475ecf5eee8869e4ad9a07","xuezhongfei","4.2","3709","1","4.2","317","1000","5710","5.71","13","56.08"
"584ae0173961b64ca9b426b1","chenkaili","4","4233","1","3.7","518","1000","6000","6","22","72.73"
"58501ab6ff3da74c89f8927f","lizheng566","4","11078","1","3.9","279","1000","5000","5","5","0"
"5853765779b45e0b58ad30f4","XMB mobile experience store","4.2","30643","1","3.8","219","1000","7000","7","9","22.22"
"58539804afa5ec4cae2cdce8","Good Fortune Land","4.2","816","1","4.4","398","1000","8000","8","7","-14.29"
"5853b96be788110ac30168b9","fengzhiqiang","4.3","6033","1","4.5","552","1000","16000","16","14","-14.29"
"5857e83a1e95514d46b046dd","This is a pair of eyes that you find","4","6457","1","3.9","251","1000","6000","6","23","73.91"
"5858d328e18c0f7603a08e1f","blueberries","4.1","72885","1","4.1","327","1000","3000","3","5","40"
"585a45a3ef562825c60e0c71","shishangfang","4.1","2867","1","3.1","65","1000","8000","8","30","73.33"
"585cc05eaf0e9d52046c895d","huanfeng","4.4","17922","1","4.1","413","1000","11000","11","10","-10"
"5864730562a1e84ca10df658","Longfengjixiang168","4.1","6364","1","3.6","483","1000","11000","11","10","-10"
"586c683cc87b4c4f84b6b4de","KAIXINDEDIAN","4.3","2996","1","4.2","505","1000","6000","6","6","0"
"586e70187e94384d6fc17f14","Memento","3.9","28694","1","3.4","238","1000","9000","9","9","0"
"586fbd8b8c30e82bdcce557d","Fashion taste of life","4.2","5914","1","3.2","362","1000","6000","6","6","0"
"5873347af1f65d4d61b69b1a","liangdongjie","4.3","791","1","3.2","55","1000","3840","3.84","4","4"
"58748c070e230b22a1ab5bc2","taotaobeibei","4.1","1369","1","4.1","442","1000","7000","7","6","-16.67"
"58778fdcdfa6bc28858f3422","Cornflower","4.3","10963","1","4.3","144","1000","7000","7","6","-16.67"
"587dcb1b6fa68c4caba87529","Hesperis","4.3","794","1","4.2","192","1000","9000","9","8","-12.5"
"5885a7e767f7c84d7657d220","Durax","4.4","27740","1","4.5","312","1000","9000","9","38","76.32"
"589e67aa3205e17175ced38e","Xindi Store","3.9","16085","1","3.7","585","1000","11000","11","159","93.08"
"589eb1c33205e17175cee2ee","yykeaid","4.1","3117","1","3.3","94","1000","3870","3.87","4","3.25"
"58a3f270e269ee522580e6bb","Arashi","4.3","99800","1","3.8","176","1000","14000","14","12","-16.67"
"58ad365fb3bd6d507b06db0f","satisfy","4.2","15540","1","4.1","534","1000","12000","12","93","87.1"
"58aea6fe15241651ee65307b","Bridgeliushui","4.1","543","1","3.3","121","1000","2000","2","6","66.67"
"58c14b3e98d70751f799bc3f","yz33","4.2","3533","1","3.5","497","1000","15000","15","13","-15.38"
"58c2318d3f49634886892d7c","jfdgdfhfyujtyre","4","10436","1","4.1","94","1000","5000","5","5","0"
"58cbc85cad83385080a3cf94","lingersun","4.2","32715","1","4.3","101","1000","11000","11","10","-10"
"58cf7224712870506c44edd9","shopmeleeinc","4.2","3218","1","3.8","523","1000","6000","6","8","25"
"58cf8bc8375c92523736b540","Youth Forever","4.2","47639","1","3.7","154","1000","11000","11","24","54.17"
"58d3828699637874f89eb45a","hoastlnen","4","33303","1","4.1","545","1000","11000","11","21","47.62"
"58d4832721ad9176d0d3d00f","Man's ocean","3.9","3743","1","3.5","222","1000","16000","16","59","72.88"
"58d765d6da2852536d7a3fa9","Matt Olivo","3.9","1722","1","4","248","1000","9000","9","8","-12.5"
"58d9f311fe9cae52ce0213ec","xff","4.3","6383","1","3.9","651","1000","11000","11","14","21.43"
"58fcdd56cdb8e24565cc017e","Colorful Romance","3.9","1335","1","3.3","408","1000","15000","15","25","40"
"590d6c356815062709f1b06c","junzhangxiezi","4.2","941","1","4.2","129","1000","7000","7","6","-16.67"
"590eda48f3d19c203c2648e4","zhengruirong","4.1","6460","1","4","792","1000","11000","11","84","86.9"
"592968ba63950d682ca4b195","zzbllss","4.4","2904","1","4.6","377","1000","5000","5","5","0"
"5938e6a17fe241506f93503b","fuzhe622","4.1","3804","1","3.3","95","1000","3760","3.76","4","6"
"5948c9761f2f0f2efb675fa4","wangxiaoxiadexiaoxingyun","4.1","6623","1","3.1","111","1000","8000","8","7","-14.29"
"5950d54a4b913a1174a7ae6d","Ruihong Home&Garden Co.,ltd","4.2","2212","1","4","270","1000","8000","8","30","73.33"
"595df09dd44a9b53910f4e2b","kolesw","4.2","8043","1","3.9","317","1000","9000","9","31","70.97"
"595f3d28ce4e69232af53c32","Jutao Trading","4.2","12322","1","3.7","450","1000","16000","16","26","38.46"
"596636724b913a6954556581","lihui258","4.1","28101","1","4.2","650","1000","8000","8","7","-14.29"
"597eda458696be7dab480a44","feelyourrelax","4","1990","1","3.8","899","1000","12000","12","11","-9.09"
"59a54d5eae228e4f11e9c5e0","miniWGS","3.9","2397","1","3.4","928","1000","12000","12","11","-9.09"
"59a6cc4b21064f78b1bef62f","biaoqing","4","5226","1","4.2","668","1000","8000","8","8","0"
"59b0dcac50df61071d239b12","yongxiastore","4","1653","1","3.6","161","1000","8000","8","7","-14.29"
"59b38b9d0ec30f3dcde27914","xiangbuxiangdoude","4.1","4434","1","3.5","378","1000","8000","8","7","-14.29"
"59bcfadb776ab96ae984be82","Comfy_life","4.2","9034","1","3.7","638","1000","8000","8","22","63.64"
"59c25e6a30e1f368ea189232","ruxinggu","4.3","4084","1","4.2","762","1000","24000","24","59","59.32"
"59f5481068788b25d0a84068","zhoupingastore","3.9","1403","1","3.7","113","1000","11000","11","10","-10"
"5a031e9c9aee09542077d074","llegaiyy","4","12763","1","4.1","408","1000","7000","7","50","86"
"5a0d2c3e68788b4400878642","Konheart","4.1","14442","1","3.6","146","1000","9000","9","57","84.21"
"5a0fe8770a332a615df86c5e","coaluss","4.2","4298","1","4","216","1000","9000","9","9","0"
"5a20c64d8cf0ed4d57d60471","yiludamai","3.9","3668","1","3.4","85","1000","11000","11","10","-10"
"5a2bc05fddda8c49398c52fe","lianglinglingdian","3.8","670","1","3.8","134","1000","6000","6","6","0"
"5a3ccf7f028bbd773f938596","potatomarket","4.1","19760","1","3.6","256","1000","8000","8","51","84.31"
"5a40bd3812fa1c2c21498ea7","AGone","4.3","3396","1","3.7","182","1000","5730","5.73","5","-14.6"
"5a4b4ab27dee4a057cca7429","LeadTheFashion","4.2","11597","1","4.1","211","1000","11000","11","68","83.82"
"5a4df4937ce75c31079ba413","SweetKissfashion","4.2","17856","1","4.2","197","1000","14000","14","102","86.27"
"5a54add17dee4a20b31ef567","ufeelme","4.1","6343","1","4.1","364","1000","11000","11","76","85.53"
"5aad329608a224392d805720","mekemoneyemm","4.3","1038","1","4.4","277","1000","15000","15","13","-15.38"
"5accadccc98949438a3729a2","fjrwzy","4.2","1837","1","3.4","230","1000","12000","12","17","29.41"
"5accdb3c1baafe6febd26cf3","zengyiceng520","4.2","6570","1","3.7","687","1000","5770","5.77","16","63.94"
"5acecb61417cee2b9d27f88a","Apengzuishuai","4.2","2610","1","4.1","197","1000","5000","5","5","0"
"5ad16178db5f1f07107a5401","sdawmgeyy","4.1","3950","1","4.2","124","1000","8000","8","7","-14.29"
"5ad1f14d40626a47903fe9df","Ahadadada","4.1","2377","1","3.7","215","1000","11000","11","10","-10"
"5ae0213bb722cf61f1aa3624","niuniuche","4.3","2992","1","3.8","153","1000","8000","8","11","27.27"
"5aec1dd2c96bb815b802df67","zhouling1234","4.1","1761","1","3.6","187","1000","8000","8","8","0"
"5af25671e139d756e4f0afbe","chunwanfusu","4.2","8404","1","4.3","420","1000","9000","9","84","89.29"
"5af54e838699ce1143d1f876","xiaoyueliang1","4","2464","1","4.1","538","1000","6000","6","140","95.71"
"5b08f027c2586968afffb44f","Smallspring.X","4.1","5880","1","3.6","462","1000","11000","11","17","35.29"
"5b0a6169012875789c76ebba","dajuu zha","4.2","2510","1","3.2","170","1000","6000","6","6","0"
"5b125148c2586910aba903d6","zhongwenlili","4","16757","1","3.3","601","1000","7000","7","6","-16.67"
"5b164e4c7e43f2326c3e3931","fghetu","4","6731","1","3.4","130","1000","7000","7","43","83.72"
"5b17df3f012875082bc82048","SpeedClothes","3.8","2078","1","3.7","129","1000","11000","11","22","50"
"5b21e84a43b3b67a3089b10d","Angle.Susan","3.9","892","1","4","288","1000","8000","8","17","52.94"
"5b41be818e210d22facca0bd","aiqianxiege","4.4","13909","1","4.1","166","1000","5000","5","5","0"
"5b420ce3d9b2a4418b74ae31","Jun U Near Store","4.1","2116","1","3.6","477","1000","18000","18","16","-12.5"
"5b4d6eb88a5b7b24519e69ad","kongcanyhq3078","4","5422","1","3.5","154","1000","8000","8","49","83.67"
"5b66b2f303523d3caa84aed5","heilnielmiw","4.3","895","1","4.1","454","1000","11000","11","85","87.06"
"5b6935c0a1fdaa1dba5a4cd4","liudandan28652","4","5807","1","3.9","426","1000","8000","8","17","52.94"
"5b6bb6d7790f1a0d8a416c03","Angle Xia","4.1","6256","1","4.3","65","1000","13000","13","43","69.77"
"5b6ec2f2838d931d2fbf7a28","OIUG 56465","3.7","6632","1","4","135","1000","9000","9","48","81.25"
"5b7ecbfa7956ef54b750df16","yuhang081899","4.1","9341","1","3.4","542","1000","22000","22","169","86.98"
"5b80fee2008a3e2f6ec81563","SHHUIZFIA9586","4.4","3439","1","4.2","201","1000","6000","6","22","72.73"
"5b8a0074f2858d1c8a032c5a","csfsegdd","3.8","738","1","3.4","62","1000","8000","8","7","-14.29"
"5b8d343e133368366f2dff48","songsongzhao","4","3670","1","3.5","487","1000","13000","13","11","-18.18"
"5b8deaae2eb51f6d30ff9a3d","bagbagbagshop","4.3","4425","1","4.2","207","1000","7000","7","6","-16.67"
"5b8e19ad9058ed22fdc30621","liushiqiangw222288888888","4","6246","1","3.5","245","1000","5670","5.67","6","5.5"
"5b99f68520019041167b0b74","Yuanda Technology","3.9","17738","1","4.2","352","1000","6000","6","6","0"
"5ba0fe4673d934503a6cb6ad","bumanke003","3.8","667","1","4.2","223","1000","11000","11","11","0"
"5ba9af0fef66004cac1013f7","NiZuiMei","4.2","2495","1","4.2","206","1000","12000","12","102","88.24"
"5bbf00e6c5fdec1c0e0d401d","liuliujiaroupian","4.3","904","1","4.3","512","1000","5860","5.86","11","46.73"
"5bdc1408c23b3222e81f3936","Harunouta Nail","4.4","15221","1","4.2","33","1000","1660","1.66","2","17"
"5cd6743c8da3ad22253d937f","FlyE","4.1","2745","1","4.1","267","1000","8000","8","7","-14.29"
"5d3bc9f8e13a7e654424a4cb","shitongyi12683626","4.3","173","1","4.1","127","1000","8000","8","11","27.27"
"5d3be81670327a1a4ffce08e","Grocery Story","3.9","2072","1","3.1","57","1000","3900","3.9","5","22"
"5d3c419de4b65d4fb81e7286","easymarket","4.1","557","1","3.5","141","1000","1910","1.91","6","68.17"
"5d3d857c0ff7f937558c4dd1","ZhuanTa1e","3.6","265","1","3.7","62","1000","3870","3.87","4","3.25"
"5d42991670327a71301ec76e","shufangyunyingdian","4","1055","1","4.1","143","1000","2000","2","2","0"
"5d43cda683889748193da7c0","lin626079","3.9","331","1","3.8","68","1000","7000","7","6","-16.67"
"5d44f6c68388973d77042d83","quan yy25","3.7","626","1","3.6","118","1000","11000","11","83","86.75"
"5d45349676befe65691dcfbb","So Band","3.7","342","1","3.8","286","1000","12000","12","11","-9.09"
"5d46751876befe56001de246","Alliswell118","3.8","1685","1","3.8","46","1000","7000","7","6","-16.67"
"5d4cf83dc8bc520142c8534f","linglingstore666","4.2","706","1","3.7","117","1000","5750","5.75","25","77"
"5d4e91681d9a8e1fcc2fefba","ABCDYYY","3.8","383","1","3.5","325","1000","6000","6","30","80"
"5d57d3a9cf65030dc331b0b2","XMZMALL","3.7","104","1","3.4","70","1000","11000","11","75","85.33"
"5d5a1171560eca427bf10acb","SMOEYAKIO","3.9","543","1","4","212","1000","11000","11","10","-10"
"5d5b651b283abc16408fff54","wowomart","3.9","365","1","3.8","51","1000","1680","1.68","2","16"
"5dc69ae4c4e6e61846dfc2b4","shanliangtrade","4.1","550","1","3.9","108","1000","5650","5.65","5","-13"
"5dcb9bb2997e90092d624499","Huaisrysn bedclothes","3.8","821","1","3.7","294","1000","8000","8","7","-14.29"
"5dde67d7801ecf6d4c385348","Chentuyi Store","3.9","433","1","3.8","299","1000","11000","11","10","-10"
"5de7a6aa4c9c821f67c14ac3","Horesen bestwell comenbin","3.9","171","1","3.8","151","1000","13000","13","19","31.58"
"5e6910549145adc9f7972fac","wf06","4.1","114","1","3.9","122","1000","13000","13","33","60.61"
"5e8544bfd69a0ea72d39bc31","xiujiestore","4","193","1","3.3","74","1000","2690","2.69","3","10.33"
"5eb8cf5429e78638f27379f5","Lianhanming369","4.1","161","1","3.7","76","1000","5690","5.69","10","43.1"
"56cd50871e15ff78c21de8a9","citizenrepublk","4","1047","5","3.8","33","500","1904","3.81","3.6","2.93"
"583da4b58108913e6c79a32e","sklioppp","4.1","2782","6","3.2","29","500","3507","6.14","7.33","22.17"
"5aea8f2ccac3c5238de1a99c","libo peng","4.1","1160","4","4","38","400","3600","9","31.5","63.78"
"5b47ffa01e5bc91f3eea4f1f","linpingstore","4","366","4","3","9","400","2800","7","6.5","-4.55"
"5e4bb29957cc9b46d2e498f7","uiritnkdr","3.8","111","4","3.5","11","400","3000","7.5","10","29.8"
"5eb51ed929e7865dc268a561","zhuangyuping1","3.9","127","5","4.6","4","350","2400","7.2","8.4","12"
"5710ac98b2d43a5925da8dd8","zaitaowanggou","4.2","4856","3","3.4","33","300","1000","3.33","8.33","56.61"
"580c7d0a8b67fa197454a2d1","Fashion Happy World","4","4705","3","3.7","27","300","1800","6","6","0"
"584a7a381591451e4e3af3df","bujizhan","4","4080","3","3.7","55","300","2900","9.67","25.33","62.01"
"596b4085d4cc34162e778769","juxinchengxiu","4","9940","3","3.5","29","300","4100","13.67","101","85.08"
"5a698cef028bbd27227d3d12","Oklfao","3.9","1050","3","4.3","58","300","900","3","3","0"
"5d3da852e4b65d3e801e9b5d","SOPHIE PRETTY","3.7","168","3","3.3","45","300","3300","11","10","-10"
"5d8b2f16ddac8e198fc7c8b7","lindieduxin","4.2","483","3","3.6","25","300","2100","7","6","-16.67"
"5dc40e313710b91b0f04fcc5","MAzhiyong.0602WG","3.6","112","3","3.4","5","300","1800","6","6","0"
"5df71a34092d7302140be245","simply spell","4.2","885","3","3.6","11","300","2773","9.24","8.33","-11.53"
"5e4f6a3a29e786346774bcce","gaoying666300","4","28","4","4.7","3","300","1500","4.5","4.5","0"
"5eb6598ec43e5c5ab9fd5a78","yangshaokuei6688","3.8","129","4","3.9","9","300","2400","8","8.5","2.86"
"5eb50ff17041111c43033565","liuxuelian123","3.5","211","3","3.8","6","250","2000","8","7","-14.29"
"52838e612dcc6469fa2d7104","TopmanClothing","3.8","16215","2","3.7","13","200","1000","5","30","83.33"
"550ab2be8e8def0b2c654d4b","ELIM fashion store","4.3","6126","2","3.9","21","200","1600","8","7","-14.29"
"55dc2bf3b92a5941ebd4ecf2","Raverks","3.9","3237","2","3.7","32","200","2100","10.5","46.5","77.05"
"55ed4e573a698c3a9daa8b2b","Styou","4","16099","2","3.7","34","200","1384","6.92","13.5","31.15"
"56498ab42a6bdb4474afa47b","RoseWiner","3.5","1472","2","3.1","28","200","1800","9","34","73.53"
"566e97ca39cce4269637a261","powshew","4","2166","2","4.1","56","200","3000","15","13","-15.38"
"568b82677f5cdb26abff2f9a","Uncle Drew","4.1","22615","2","3.1","21","200","800","4","4","0"
"56ab21890d8dad10e044b9ec","premiumfa","4","8225","2","3.2","10","200","400","2","10","80"
"56c2e30edf108f11548c6dcb","KinzieWoolShop","4.3","38100","2","3.7","12","200","600","3","3","0"
"56cd27b048e91e13aa3986e4","lanniesdesign","4","3515","2","3.3","13","200","1200","6","8","25"
"5700b51a0848f73d19d10cbb","glambitiong","4.4","7197","2","4.4","23","200","2200","11","47","76.6"
"57187da6f24dd9593ccc886a","xiaohuagogogo","4.1","43876","2","4.1","30","200","1000","5","48","89.58"
"577f79f928d95d5777eac030","dengqinghuaok","3.9","3060","2","3","22","200","1400","7","6","-16.67"
"57885a8c090d40723d2105e3","Asige-1122","4.3","4595","2","3.2","6","200","560","2.8","3","6.67"
"582ff4f70299bc4f4b90d203","huanjun411","4.4","3276","2","3.5","55","200","2600","13","15","13.33"
"583141fbfef4094e51453d9b","pookie0331","4.1","7497","2","2.9","82","200","934","4.67","4","-16.75"
"583beacf24b24f1b805ff7a2","fangyin","4.4","889","2","3.9","28","200","1600","8","7","-14.29"
"58402f95e24c5b06c6dccd35","duhan","4.4","619","2","3.3","3","200","1600","8","7","-14.29"
"5844fc74f521924c9b5148f3","huangchaoyishe","4.1","576","2","4.3","12","200","542","2.71","3","9.67"
"5898240369b8584f668a188b","balabobo","4.2","14291","2","3.9","89","200","2500","12.5","92.5","85.12"
"58a3db5e05b2f9716d029e30","Star Star in The Sky","4","16487","2","3.1","22","200","2200","11","10","-10"
"58da49c92c3a8f52a755d4a0","lionmouse","4","26951","2","2.4","9","200","400","2","2","0"
"58dfa91e42ab0953f96d31d0","taizi","4.2","360","2","4.2","17","200","1900","9.5","8.5","-12.14"
"58ff26fc42fc6a113afae083","tingshen","3.9","9078","2","3.9","34","200","2000","10","64","84.21"
"58ff6866e17bc0302f540b50","FOMALHAUT Jewelry","4.5","5768","2","3","11","200","1600","8","7","-14.29"
"59257409b674b15e8191b8de","enjoy the sunshine","4.2","139607","2","3.8","61","200","1400","7","6","-16.67"
"593402ae25c4f54ed4e0abdf","SCOMELY","4.1","1926","2","3.5","28","200","2200","11","134","91.79"
"59506bd1abea9119a059422d","wang168","4.2","9357","2","2.8","19","200","1000","5","127","96.06"
"5a792e56a71fbf471cf1fc99","MSyongan","3.8","5846","2","4.3","31","200","1600","8","51","84.31"
"5a9e4f25e05388149703d9c8","aishoumat","4","9703","2","4.6","20","200","1800","9","8","-13.33"
"5ac82ff62c49567ffa616535","qiaoqiao1053","3.9","435","2","3.6","18","200","2200","11","84","86.9"
"5ae2d62f2c49564f1df9bbd1","ppwiiixoza","4.3","5070","2","4","98","200","2200","11","10","-10"
"5b0cd8577e43f257d4a05469","hanfangjingcuijingpin","3.7","1279","2","4.7","3","200","2200","11","17","35.29"
"5b0e27596b9302238a10c3f8","chentengying","4.2","3120","2","3.4","14","200","2200","11","20","45"
"5b348167af6b3122dba38825","hufscfshkuhjdfs","3.9","8996","2","4","4","200","1154","5.77","5","-15.4"
"5b722effbfb77d14812b8c2c","Honesty integrity","4.1","3588","2","4","11","200","3200","16","14","-14.29"
"5d3e6e0ce13a7e7ae9f35f74","FY251","3.9","104","2","3.7","27","200","1800","9","8","-12.5"
"5d4e6ca57edfad27a90a6726","xbxiaodian","3.6","31","2","2.8","21","200","1600","8","11","27.27"
"5d50fb2b1d9a8e23e3334c81","LI SHANSHAN78WGV","3.7","138","2","5","13","200","1600","8","26","69.23"
"5d5108577ad24261ddf720f0","Wedding jewelry store","4.2","620","2","4.2","34","200","400","2","2","0"
"5d56b32c40defd78043d5af9","modai","3.8","31","2","2.5","2","200","2600","13","11","-18.18"
"5d9f24a451a4ed72d95bac9c","DSVIE FASHION","3.9","239","2","4","29","200","1600","8","65","87.69"
"5dd790db4cc6678b7441ba5d","hanziye1234","3.4","364","2","3.1","45","200","2200","11","10","-10"
"5e183869e344ec006fdaa805","sonvgfht","3.9","131","2","4.1","50","200","3400","17","108","83.93"
"5e4a06cb57cc9b1700e826b3","lumeizi","3.2","43","2","3.1","14","200","1600","8","26","69.23"
"5e50e6b968f8f90ec04531bf","zoufei","4.1","189","2","3.9","21","200","788","3.94","8","50.75"
"5e54a05c207f9d3e6cee7040","yuanshangmao","3.2","32","2","2.9","10","200","1400","7","26","73.08"
"5e5f6272d0e9af054214467e","chaoyang_lizhen","4.3","6","2","5","0","200","962","4.81","5","3.8"
"5e61e5580705ac039c94c08f","maxiaoxu","3.4","359","2","3.2","11","200","740","3.7","47","92.13"
"5e693079c6a6e679c0bf4613","KINNLTY","3.8","231","2","4.1","114","200","1600","8","59","86.44"
"5e70afae21861a90a4e6b7f0","ASKY1","4.5","6","2","5","0","200","2400","12","11","-9.09"
"5e8ad4c829e7860d8e20b40c","salmophee","4","21","2","4.4","26","200","2600","13","11","-18.18"
"5e9a629b29e786250230ba90","Josephineo","3.7","18","2","2.9","12","200","2200","11","16","31.25"
"5eb5076129e786048168034d","bodeng","3.8","117","2","3.5","6","200","1600","8","10","20"
"5eba4bab58ed6ba265685ba1","liliangyu151800","4","123","2","4.1","58","200","1600","8","10","20"
"56c94ae6df108f5af83b1e0f","schmuckdesignonline","3.9","7248","2","3.8","25","150","286","1.93","8.5","77.17"
"5a2fa9ce6ea4a770c66f5599","tiefanye","4.1","1374","3","2.7","3","150","900","6","7","14.29"
"5d454f4056a26067881bb903","yqlili666","3.9","268","2","4.2","8","150","532.5","3.83","3.5","-8.13"
"5d4bbed57ad242352a46d910","caishuiwang","4.4","34","3","4","4","150","1050","7","6","-16.67"
"5dda40561fead208515f98e2","zhongling695847","3.7","334","3","3.9","8","150","1200","8","7","-14.29"
"5e3c5fbfe217d492138970c1","saulstore","3.8","57","3","2","1","150","724.5","4.83","51","90.53"
"5e535f1b397cba44cf1118d8","Meifeng Bras","3.7","30","3","5","1","150","433.5","2.89","7","58.71"
"5e72dc545021d6138b405bdc","Guifen underwear","4.2","54","2","4.6","11","150","1850","11.5","88.5","87.1"
"5d464a1ffdf7bc44ee933c65","hxt520","4","295","3","4.5","5","120","900","6","48.33","87.26"
"56a9df1b3a698c526f769805","papastees","4.3","4150","2","4.6","6","103","545","10","12.5","25"
"53bd3edad911396c5b3fb0aa","Super Business ","4.3","1972","1","3.7","45","100","585","5.85","43","86.4"
"54068c667a9eb466313c6ebf","Autumn2014","4.1","102568","1","4","2","100","600","6","7","14.29"
"5448789898dc205017838a33","Lovemall","3.7","10286","1","4.8","4","100","1100","11","10","-10"
"546415e89719cd2ac2e20045","Langwei Garment Co., LTD","3.9","2776","1","3.1","13","100","600","6","20","70"
"547bfcda3dabbe37af5818b1","jingjingongmao","3.9","2988","1","4.3","15","100","600","6","6","0"
"54869cf344a28275e008fb00","guangzhouxinchangguomao","4","17222","1","3","4","100","1100","11","51","78.43"
"5486cf7540b3786ec7c7e4ee","Dongguang Internationnal","4.2","9541","1","4.1","28","100","1100","11","30","63.33"
"5498115d653d5121ae5409c9","yingzuo","4","11030","1","3.5","34","100","800","8","30","73.33"
"550bed073fca100d87116858","xonyaly","3.9","277","1","4.4","11","100","369","3.69","53","93.04"
"5512b0d98e8def07a462e1d7","Hello fashion store","4.1","17655","1","3.7","47","100","700","7","6","-16.67"
"55311a071a8a220c1b804371","Unforgettable fashion store(factory price)","4.1","5939","1","3.7","51","100","900","9","8","-12.5"
"5541ba455252290c0b225b1f","Higheight","4","27764","1","3.4","79","100","1300","13","25","48"
"554b7fc033c1d7162b690160","Shenzhen JNH Co.,Ltd","4.3","12745","1","4","139","100","800","8","7","-14.29"
"55837e8030c8403f7c8044b9","HAODUOYI China-made quality","4.5","2805","1","4.7","6","100","500","5","9","44.44"
"559f372b577ce1196ef7f66c","shenzhen dcr technology co.,ltd","4.6","1032","1","4.3","110","100","800","8","47","82.98"
"55a641ddfa6d460ba65ce3b8","Lzara","3.9","58154","1","3.8","45","100","800","8","59","86.44"
"55dc3dcd8950c811f73a48a4","Cuetaes","3.9","16741","1","3.8","6","100","580","5.8","8","27.5"
"55ed54947e8372421830b946","Smeer co. ltd.","4.1","38936","1","4.6","5","100","1100","11","10","-10"
"5609de679b11090d3bafce69","Midd co. ltd.","3.9","7602","1","3.6","23","100","700","7","81","91.36"
"561df3a23a698c711e5e5efa","Double boutique","4","36033","1","3.4","19","100","800","8","7","-14.29"
"5650100887aaa61273717ce0","Ningboyingshiguojimaoyiyouxiangongsi","4.3","19632","1","3.9","46","100","1600","16","50","68"
"56680c90e363a3613607ea61","xinsheng","3.9","41623","1","2.8","8","100","700","7","33","78.79"
"5673acd9c1a80060fb201026","QB_Fashion","4.3","3028","1","3.7","33","100","565","5.65","26","78.27"
"567eb3a5d8a1043c0ab70707","aa321707","4.3","1088","1","3.5","38","100","1600","16","76","78.95"
"5684e1234c2cc826ab5ca438","Asinastore","3.9","27964","1","3.9","46","100","1100","11","13","15.38"
"56da85f4df108f268b4a6618","Ifyou521","4.3","8443","1","2.9","24","100","466","4.66","11","57.64"
"5729fb5ce1220e593d1b86ac","JUST_BUY","4.1","32724","1","3.9","9","100","800","8","7","-14.29"
"5742c706d75bc459506b80f1","spaklestar","4.4","105684","1","4.6","23","100","700","7","6","-16.67"
"5772693e4e1511743e371036","wenbao","4.1","1928","1","4.2","34","100","900","9","17","47.06"
"57773e8e7f1b5074ad85dd89","Life stage","4.4","54773","1","5","1","100","266","2.66","9","70.44"
"5778fd153a698c5c2d845ed9","binghexiaodian","4.4","6121","1","4.2","55","100","1100","11","42","73.81"
"577a1c0517c3e2747a5a4659","Lonly","4.3","8950","1","3.6","120","100","1800","18","76","76.32"
"57ac5da80e3c8a18b4746013","xvsivo7412","4.2","300","1","3.7","177","100","1800","18","115","84.35"
"57b17fcc4249277b5ad99206","xinxinshishangzhuang","3.9","23161","1","3.1","55","100","600","6","6","0"
"57ebc98dfc63523912aa1424","Your Fashion 2016","4.1","1172","1","5","0","100","500","5","5","0"
"57ee5f0025e7c00ffe3f000c","Butgood","3.8","37753","1","3.9","69","100","1600","16","18","11.11"
"580595bda46fa31f93d83357","camilleziyan","4.3","1151","1","3.3","28","100","1100","11","10","-10"
"58171618bfa9fd1994661235","jiutunhecimu","4.2","2602","1","3.8","52","100","600","6","145","95.86"
"582c4556ef562807126df946","supardaily","4.2","19867","1","4","4","100","500","5","26","80.77"
"582c712cae088637843348a5","arthumcco","4.3","34975","1","4.1","27","100","900","9","8","-12.5"
"583155a70d446310bcfe9f52","juybsabar","3.9","26018","1","4.1","13","100","500","5","9","44.44"
"583188080d44631041fea370","micronite","4","11557","1","3.9","91","100","800","8","11","27.27"
"583d245d0d44637eb04d1c8f","Horliday","3.9","17612","1","3.8","15","100","500","5","75","93.33"
"583d7475269aad1da3dc2294","Aidos","3.9","50593","1","3.7","47","100","800","8","22","63.64"
"5845000d330f3a4d59cff91f","Sunshine In You Eyes","4.2","10799","1","4.3","10","100","500","5","5","0"
"5848298b68eb84699231b1f2","wenjd_415","4.5","10622","1","4.6","35","100","176","1.76","2","12"
"58501ac7b9e3474c9f4b2afd","wuewi","4.4","10917","1","3.5","59","100","369","3.69","40","90.78"
"58529ee7e788116a53cbe2a9","luvda","3.9","1022","1","3.8","37","100","1300","13","26","50"
"585b36a336cedf4cb6c6ea62","MoWoMo","4.2","18079","1","3.5","121","100","1300","13","68","80.88"
"5860cbf734de6c4d4803523d","M.E store","4.2","7740","1","4.1","75","100","1200","12","102","88.24"
"587dd9a883eee74e06b30974","Mycroft","4.3","7012","1","2.8","14","100","800","8","7","-14.29"
"588224a5bb3a4a4d5169deb2","tanyaportillo","4","5311","1","3.7","31","100","1100","11","84","86.9"
"58a6f41a96f1bb57840b0ed4","pashesa","3.9","16885","1","3.8","36","100","1400","14","51","72.55"
"58ad74688a58e150335088ce","apgbeweh","4.1","24132","1","3.4","23","100","800","8","7","-14.29"
"58b569edfc743d5072bcd4d9","Newgate","4.1","8685","1","5","1","100","1100","11","26","57.69"
"58d10bee24f9f96bdbe80fb6","Onestores","4.2","4758","1","3.7","40","100","1200","12","100","88"
"58d12c00b9d9d6505a44c4e6","Liuxixi","4.2","1465","1","4.6","34","100","1800","18","47","61.7"
"58d25a160490dc52e34022e7","resonal","3.9","35679","1","3.7","82","100","900","9","84","89.29"
"58d3cd3b773e9257cc5b990a","Kprusoian","4.2","4501","1","4.5","43","100","387","3.87","15","74.2"
"58d8e8ebd929c652b9c04c05","lixiangbo1515","3.9","3730","2","3.5","8","100","376","3.76","7","46.29"
"58e4a53ce070a80f9180685a","liulianbag","4.2","8888","1","3.4","8","100","365","3.65","9","59.44"
"58ef5b480d27561215655a9c","huyanggood","3.9","4572","1","4.1","24","100","400","4","4","0"
"58f8681a29867d1118cb0964","POLYVORE TRADE LIMITED","3.9","1770","1","4.1","11","100","1200","12","11","-9.09"
"590189980094b829518713b8","Chinese style_GQ","4.3","16994","1","4.1","51","100","1100","11","10","-10"
"59146c0c71a2f21160479ee5","ourdress","4","16726","1","3.7","9","100","1600","16","88","81.82"
"5915c592fc9cce7eb7312bd4","YingHong Store","4.5","3682","1","4.1","113","100","1300","13","26","50"
"5925555b2cd9447854443c41","Yanfeng Living museum","4.2","29977","1","4.7","6","100","4900","49","42","-16.67"
"5927d9ead7f65462c5a1d409","highspring","4","901","1","3.3","18","100","1600","16","14","-14.29"
"5947799a2eac1104f22e4486","chuxinmile","4","3852","1","4","63","100","573","5.73","5","-14.6"
"595097d6a26f6e070cb878d1","zgrdejia","4.1","568","1","3.8","54","100","1600","16","14","-14.29"
"59510a44905fdb0b8266ddc5","lianhaiqin","3.8","3245","1","4","35","100","600","6","11","45.45"
"5953816a9579d81e5edcc3d7","iwannachange","4.2","7328","1","3.9","25","100","1400","14","92","84.78"
"5960922537635d7e09b47c1d","Simorly","4.2","7267","1","3.9","202","100","1500","15","59","74.58"
"596d9a4937635d7622a6c7f6","xiaoxia0914","4.2","1290","1","4.4","111","100","800","8","7","-14.29"
"59802a908ee78d7ec44d192a","Crystalhousee","4.2","14664","1","4.1","19","100","800","8","85","90.59"
"59815a929fbc512d72137ba5","zhaoyunyun","4.2","2228","1","4.9","7","100","900","9","46","80.43"
"598429c3947e4119b7bec1c0","SZshi886wei","4.3","29265","1","3.8","103","100","1400","14","84","83.33"
"5986cc750ec30f4610ea07be","long41","4","1746","1","3.7","22","100","1100","11","10","-10"
"598da748b7717348ffeaf02c","cupminger","4","17002","1","3.7","104","100","1200","12","11","-9.09"
"59a173df9fbc51783bd1f406","skyblueshoping","4.1","4943","1","3.2","52","100","583","5.83","64","90.89"
"59e071d99fbc517c29711220","szyyouth0102","4","2435","1","4.2","61","100","1600","16","33","51.52"
"59e5e353ef7b892409c6e6a7","yutongastore","4","1284","1","3.7","6","100","300","3","7","57.14"
"59f868d0eea5c51c2167d097","liufengjiao","4.1","18529","1","4.2","27","100","700","7","6","-16.67"
"59f9687a37f9f80d31798d60","trustlie","4.2","629","1","4.1","93","100","600","6","17","64.71"
"5a129c6aeea5c546c8b8e2f8","wuruisky","4.2","487","1","4.3","61","100","1900","19","17","-11.76"
"5a13e07c5d6f342d64b51237","fenghuang1","4","4836","1","3.7","54","100","500","5","11","54.55"
"5a14dbb27dee4a2da907bddb","mannika","4.5","537","2","4","5","100","900","9","34","73.53"
"5a17bb048cf0ed37ca9e18bc","wulifange","4","12016","1","2","3","100","300","3","26","88.46"
"5a409cf87b584e7951b2e25f","AISHOPPINGMALL","4.2","7023","1","4.1","14","100","700","7","6","-16.67"
"5aa5d06da6bf7a7f7285bc0e","Rmslkfgylove","4.2","3769","1","4.1","23","100","900","9","8","-12.5"
"5aacd6c1ccf0c83e5a6f3de0","zhaodongmei","3.9","3897","1","3.8","10","100","600","6","34","82.35"
"5ab9f77bea8764355800e5a2","ChicPopular","4.2","14327","1","3.9","15","100","470","4.7","19","75.26"
"5abbab1d7c27687c3daaad6e","zhaangyuu","4","5301","1","2","3","100","1200","12","11","-9.09"
"5ac1db0a1c256d3bd25188f4","Modernhatshop","4.1","1585","1","4.1","61","100","800","8","9","11.11"
"5acdbf7c9c15ff7191aadd30","yangrenyun","4","5244","1","3.6","64","100","1200","12","59","79.66"
"5ad01a6a70cf6977d05013de","xulaiqingfen","4.2","2282","1","3.2","96","100","1100","11","10","-10"
"5ad7066e1b98df3e558530a6","SteelFular","4.2","3520","1","4.2","65","100","1400","14","12","-16.67"
"5adef67640626a4b409b8e94","zhenhaogouwuche","4.2","5106","1","3.7","17","100","592","5.92","9","34.22"
"5ae2d056b125ab5424320fc1","zhishukuaile","4.1","2199","1","4","55","100","800","8","25","68"
"5aed66b2f0b75f35a1bd6615","yxz888","4","4402","1","4.1","10","100","900","9","8","-12.5"
"5afab0f75ccdca0e69a067b8","yingshengsu","4.2","435","1","3.9","107","100","1100","11","28","60.71"
"5b07dc937752c81ecb291b66","Unlimited retaliation","4.5","343","1","4.4","27","100","373","3.73","17","78.06"
"5b083a8b7e43f23f2e16cbd6","WAKE UP CHILDHOODMEMORIES","4.3","3190","1","3.6","92","100","900","9","17","47.06"
"5b0a66907752c8567c3cc671","Amineefashionstore","3.7","1078","1","3.8","51","100","900","9","10","10"
"5b0fa1b72c3c1d2abb34f1a4","xiakeliuxingfushi","3.8","519","2","3.7","6","100","800","8","7","-14.29"
"5b13817f0128754174259044","XIUZHENfashion","4.2","2399","1","3.5","57","100","393","3.93","24","83.63"
"5b18eb98dfc31f2100f4c4cd","weilongs","4","4955","1","3.4","94","100","800","8","9","11.11"
"5b39de95d3db323a3a775883","huangxiaoyan2125","4.1","1338","1","4","6","100","172","1.72","56","96.93"
"5b3b135e38e2640b28a557bb","hongyuli","3.8","5595","1","3.4","63","100","800","8","7","-14.29"
"5b3ed8fa22856f198f7f0a88","lixingongyuan","3.9","1643","1","2.7","20","100","1400","14","12","-16.67"
"5b42da1bf64320209fc8da69","shixueying","4","210","1","3.7","59","100","500","5","19","73.68"
"5b4973b049c8e64e07c31cb4","huajitoup","4","267","1","3.7","109","100","900","9","49","81.63"
"5b71353ec8cfda2270406795","SanShu.trade co., LTD","4.3","3038","1","4.1","57","100","700","7","6","-16.67"
"5b767f37f54e4f1434671cc8","cgyhapy","4","1500","1","3.6","28","100","300","3","60","95"
"5b7e1d0f5b299812c53e81f5","yang min bao","4.2","1269","1","4.5","106","100","700","7","34","79.41"
"5b8f992a2eb51f465ffd388d","geichun","3.9","5988","1","4.5","8","100","900","9","8","-12.5"
"5b9cc34eb226113590090c59","QWE520","4.1","7385","1","3.6","72","100","1400","14","26","46.15"
"5ba08911269570054ba2b669","laohaodai","4.1","874","1","4.3","12","100","1100","11","26","57.69"
"5bdbb9048a83b5678f43462b","qysm6688","3.9","897","1","3.2","69","100","1500","15","28","46.43"
"5c077d9e80508524a1cb3315","ZHOUkely","4.2","7218","1","5","1","100","269","2.69","3","10.33"
"5c6d6c28619caa1d94891d06","lkwelyly","4.1","1086","1","3.6","8","100","300","3","3","0"
"5c749805a0e25747655033ac","angelxianv","3.5","99","1","2.8","26","100","1100","11","10","-10"
"5c7dee45a0e257512a5dd7f0","lqyaim","3.7","103","1","3.1","39","100","1100","11","10","-10"
"5d3d0c2c4b4fdb2f38b5e54d","Beauty Designer","4.2","1309","1","4","2","100","279","2.79","13","78.54"
"5d3d417070327a201bfcd655","Zhihua Fashion","4","1250","1","4.2","13","100","172","1.72","2","14"
"5d413afa0ff7f947c0e21025","WeirdBeauty","4.2","878","1","4.2","44","100","1400","14","97","85.57"
"5d415665838897104cf4003d","AlicaDubecka","4","746","1","2.7","24","100","1100","11","22","50"
"5d41a75de13a7e2059f79277","zhangxiaoyunyun","3.8","111","1","3.6","20","100","1300","13","56","76.79"
"5d42980e8388970d32294ddc","chenxiangjunjun","3.8","330","1","3.5","15","100","1100","11","84","86.9"
"5d43cb4c4c7855604ee59bbb","feijituan","4.1","89","1","3.1","29","100","800","8","7","-14.29"
"5d44cb7ea5f07b2d00607909","idooryou","3.7","849","1","4.1","60","100","1400","14","84","83.33"
"5d463c87c77e983f28b4dfca","Lost red fruit","3.7","104","1","4","53","100","579","5.79","9","35.67"
"5d46cdb476befe7f781dd1af","Wang Flag Fashion","4","2869","1","4.2","31","100","900","9","8","-12.5"
"5d46ce1a8388976d8c042c39","mantianliuyin","3.9","230","1","3.8","50","100","1400","14","25","44"
"5d4784dd56a260398c1bc597","xiaotianxunxin","4.1","521","1","4.3","22","100","500","5","59","91.53"
"5d481bd022f3014c80e6ddb2","liumangtu123","4.2","30","1","3.2","6","100","100","1","1","0"
"5d4a55b21d9a8e4a02843479","Yguo","3.9","613","1","3.3","25","100","381","3.81","25","84.76"
"5d4d24b3c8bc521b5568b537","margot missyou encounter","4","88","1","3.9","27","100","700","7","17","58.82"
"5d4e5b8415275446cdad4fbb","LFZNB","4","900","1","4.6","33","100","265","2.65","3","11.67"
"5d50f80e3db43e24767edf52","nidekeaiduo","3.6","167","1","3.9","58","100","200","2","25","92"
"5d51381f933fb16c06bb9d71","keidjur","3.8","1129","1","3.4","27","100","566","5.66","5","-13.2"
"5d513ddf1d9a8e239c347192","JHjuhao","4.4","36","1","4.3","27","100","575","5.75","16","64.06"
"5d54026f41ed515c7a1eb40a","19 Miles","4.1","425","1","3.7","26","100","1200","12","43","72.09"
"5d54bec47ad242761d84984d","jiedandan567","4","300","1","4.1","46","100","900","9","8","-12.5"
"5d54f7e47ad2426b008579ae","lihongying12","4.2","163","1","3.9","19","100","290","2.9","3","3.33"
"5d55f05833f0b43dceb58a50","Building Dream Yan","4.2","63","1","4.6","10","100","800","8","22","63.64"
"5d58d3b433f0b4349bbe941f","happiness maker czycl","4.2","299","1","5","3","100","1100","11","10","-10"
"5d5a520c560eca48d7f140eb","laibingo zhiwei","3.5","254","2","1","1","100","400","4","4","0"
"5d5abf5b33f0b44411c05032","wait amoment","3.8","198","1","3.4","42","100","800","8","7","-14.29"
"5d5cf8ff2736783681e22991","amzhangda85","3.8","263","1","3.7","46","100","700","7","84","91.67"
"5d5e064b560eca4814b2bb74","TONGXIAO","3.9","1373","1","2.5","4","100","572","5.72","9","36.44"
"5d64f34f2736787d00ad93ec","ZEKAISTORE666","4.1","540","1","3.5","39","100","189","1.89","2","5.5"
"5d7b761abd5aa37518970b8c","Finingsy sticker","4.1","1385","1","4.4","18","100","900","9","34","73.53"
"5dab9ece69ce753090f6735c","tutishop","5","0","1","5","0","100","700","7","6","-16.67"
"5dbb45d78aabea2d9e97b407","Tobeplayer","4","546","1","4","12","100","1100","11","10","-10"
"5dbd7b090140ee044252ed12","An honor to serve","4.3","855","1","3.6","11","100","700","7","6","-16.67"
"5dbe8b3a0140ee444c50ec2b","better Interesting shop","3.6","24","1","3.7","20","100","700","7","6","-16.67"
"5dc3de943710b9143904fdd9","520daiwenqi.show","4","88","1","3.8","15","100","800","8","7","-14.29"
"5dc682d24b0ae7154300d493","White FFF Shop","3.8","44","1","3.8","21","100","700","7","6","-16.67"
"5dc818ca030a154e48a3a8af","HERNADEZYELI","3.4","572","1","3.4","27","100","1600","16","14","-14.29"
"5dcf512a97383300d357ad69","yuan zheng shop","3.8","610","1","4.6","7","100","800","8","7","-14.29"
"5dda41a275cf541cc0b6cf99","SHOPWNMON","4","689","1","3.5","58","100","200","2","2","0"
"5ddd1355801ecf0a803b6c3a","luguolong333666","3.8","75","1","3.8","18","100","700","7","6","-16.67"
"5de7643c8db42003000ba7f1","Kelecha1","3.9","173","1","4.5","14","100","800","8","85","90.59"
"5dea1af2efc6ec06d5c16dd3","rensijing","3.4","71","1","3.1","30","100","200","2","4","50"
"5e0474f81b1677050990d11b","qiuyu66058","3.5","70","1","3.6","11","100","800","8","76","89.47"
"5e0b55766a4343d3823c7215","hgcxdcxcc","4.3","120","1","4.4","8","100","1100","11","10","-10"
"5e1691b573bfb90406044928","yanzhang198411","3.5","38","1","3.9","11","100","1300","13","11","-18.18"
"5e3683005ba64b1957b798cc","sankutoy20","3.8","151","1","3.4","71","100","1400","14","104","86.54"
"5e50fecf18034a89e1aeede8","lxm545","3.6","99","1","3.3","12","100","600","6","26","76.92"
"5e535edc18034a4651aeecef","yangyanyao","4","150","1","4.2","48","100","589","5.89","5","-17.8"
"5e536247397cba46c3111a39","zhiceyang","3.6","88","1","3.6","89","100","1100","11","10","-10"
"5e537a4038654d5bb8db71b4","uiuieornt","3","231","1","4.8","6","100","500","5","5","0"
"5e5c7c2c77179e31406eece1","baijupingshop","4","196","1","3.8","24","100","1200","12","14","14.29"
"5e5dec4430477e47e6838d5d","cloudya","3.9","98","1","3.4","25","100","500","5","5","0"
"5e61cd4b97cc101bd3066216","lichengfangshop","3.3","64","1","3.2","60","100","2000","20","17","-17.65"
"5e64b92e00ff3743cf8f3c3d","lidandanshop","3.3","67","1","2.8","15","100","2000","20","17","-17.65"
"5e675a4b48763f1940d6ab3b","huangdewen","3.4","79","1","3.2","72","100","1600","16","22","27.27"
"5e6771b33cce5a8dd4f6fd3c","chaoyang_yangjianfa","3.8","4","2","5","1","100","500","5","5","0"
"5e686e632fb13f0b010b6cd0","mawenru646","4.2","57","2","4.8","4","100","1200","12","85","85.88"
"5e6cb9806bab2075b2b64d15","APLUSWORLD","3","3","1","1","1","100","1200","12","11","-9.09"
"5e6d18bceb2b33bdc975950f","Ashley Johnson","3.7","49","1","4","30","100","900","9","56","83.93"
"5e74810d7f5269411ad93989","qian3462898","4","185","1","3.6","32","100","167","1.67","2","16.5"
"5e748f2484068a0289ab6f9f","wanghaoshop","3.9","26","2","4.2","12","100","2000","20","17","-17.65"
"5e8c98966642021100f8db13","truth us trading","3","29","1","2.8","28","100","1200","12","75","84"
"5e8d923d20c9b7545017f1f9","zhihuigshop","2.9","17","1","3","9","100","1100","11","50","78"
"5e9c44cdf5b57cfb27118f62","Zhenxuan","3.3","269","1","3.2","10","100","366","3.66","26","85.92"
"5eb4be68dda5360c58501b42","LYCWANG","3.7","290","1","3.4","18","100","800","8","10","20"
"5eb50b2237d7ba4abca6250a","chenzhiqiang11","3.9","88","1","4.2","10","100","800","8","7","-14.29"
"5eb8b5ebac21070efaf91c99","lianlie","3.9","224","1","2.7","7","100","800","8","10","20"
"5eb8e443cefdd67ac09f93ca","zhuangxiuhuang","3.9","107","1","4.4","23","100","800","8","7","-14.29"
"5eba4de229e78603182870c3","liuzongbin369","3.8","116","1","3.8","18","100","600","6","6","0"
"5ec3b16fedb2cda500b96542","fanxiaoying9470","4.4","96","1","4.6","76","100","586","5.86","5","-17.2"
"5e5cb2f077179e1ac07004a2","fengguijieshop","3.9","52","2","4.5","4","60","720","12","14","14.29"
"533e35e334067e3f0e7b05c5","Joy Store","4.4","71919","1","4.2","18","50","600","12","17","29.41"
"575ab2de20c8d15cb59e5ee0","Seraih","4.1","8397","1","4.5","4","50","450","9","33","72.73"
"578aeb7316b2891a3a226c21","MJ Bags Outlet","4.3","5508","1","3.7","18","50","800","16","14","-14.29"
"578caf669035dc557db297c0","VactoryBuy","4.2","19281","1","4","6","50","400","8","7","-14.29"
"58008d25047bed1ad1940bff","ZALA Rainbows Store","3.9","4098","1","4","6","50","193","3.86","6","35.67"
"586378e04b60fe69e3335c5f","Happy Host store","4.1","2283","1","4","8","50","400","8","7","-14.29"
"58bd1048662f70531f3962df","HQMALL","4.4","3063","1","4","2","50","800","16","14","-14.29"
"58db59f4e40cc66d2bda1bc0","Welline","4.1","14358","1","4.3","12","50","650","13","11","-18.18"
"597ff85721064f2607e253e9","beaufullife2017","4","401","1","3.2","6","50","1250","25","38","34.21"
"5aa24c9a22fad77bdfe2578b","jqhainabaichuan","3.9","399","1","4.3","12","50","1350","27","23","-17.39"
"5abf82da22fad76f8c13b113","puzhengxing","3.8","2647","1","4.2","17","50","600","12","11","-9.09"
"5d8c291ca1309429e32bb247","uei635w","3.8","62","1","3","2","50","450","9","8","-12.5"
"5d9163dcbffbb14190a52df7","Xinemengbianli","4","249","1","3.4","7","50","400","8","7","-14.29"
"5e4b6a0c57cc9b0b53e499a4","zufanqiudinli","3.7","9","1","5","2","50","250","5","38","86.84"
"5e4f330366b9710ecfaff138","wandonqiushuai","3.5","28","1","3.3","7","50","600","12","11","-9.09"
"5e50b3e818034a49f8aeecdf","baixuea","4.2","47","1","3.8","4","50","50","1","8","87.5"
"5e6a5f041511dc46c06eac19","Gina Williamson","3.9","47","1","4.7","6","50","400","8","56","85.71"
"5e732ba4dc0ec3709851e0f7","zhanghongxue","3.7","21","1","4","7","50","550","11","85","87.06"
"5e75cce27477a26d336a6c07","zhuhongyushop","3.7","34","1","4.4","10","50","750","15","13","-15.38"
"5eb91502c48732293d0a8e08","linsongda","3.7","144","1","4.2","15","50","300","6","6","0"
"5e61c817039ce2184a0ed392","qiaopiaduxiu","3.5","31","3","3","3","30","480","16","14","-14.29"
"5e71bc2ff2bef60050bd3a86","wanguanqiuxi","3.9","47","3","3.3","3","30","330","11","168","93.45"
"5d3aa36072b0c915fe6b8fbd","Lucky726","3.9","626","3","5","0","24","192","8","68","88.24"
"5a3231f2e62bbc45b0bda1dd","renpingping","3.8","129","2","5","0","20","100","5","5","0"
"5d48eef4b5144c50c2ac0af3","wenj498","3.9","397","2","1.5","2","20","140","7","68","89.71"
"5d676dae88a10253b1781da6","pedeska","3.7","291","2","5","0","20","180","9","10","10"
"5e2ecb9deed5087a7ba2f5f7","10 days delivery","3.6","46","2","5","2","20","140","7","17","58.82"
"5e54d1d9e0d90e6488de48c2","Failaimi Toys","3.7","42","2","4.8","5","20","40","2","2","0"
"5e606b6e29e7867135073fbe","hehaiyan","3.7","13","2","5","0","20","53.4","2.67","67","96.01"
"538f4f18ab980a5167a1d722","KoKoYES","4.3","173992","1","4.5","2","10","80","8","7","-14.29"
"5466f5ea1280fa5c9c7ba98e","Langwei Clothes CO.,LTD","4","3694","1","5","0","10","70","7","66","89.39"
"56025ed8293a5b2d24779bde","YIWU SHI AO HANG DIAN ZI SHANG WU YOU XIAN GONG SI","4.3","22621","1","5","0","10","110","11","30","63.33"
"569f3031b3d90139e3c5a407","velocitee","4.2","9217","1","5","1","10","140","14","12","-16.67"
"56de96c70f2a81169f14fcde","SHOES 4U","4.5","1442","1","5","0","10","160","16","14","-14.29"
"574d559cb06e205d099d9107","Beautiful Angel Fashion Store","4.5","2038","1","2.7","6","10","180","18","59","69.49"
"57c4dd2ce2a1b61c74c4265a","Zios","4","28798","1","5","0","10","56.5","5.65","33","82.88"
"58c214fd95dc43508c12899c","mermaidpainting","3.8","4485","1","3.4","11","10","70","7","7","0"
"58d64937794a2b6db2f0394e","Elisa2","3.9","528","1","2","2","10","110","11","70","84.29"
"592955ef980a346d826f7bfc","WSLCWM","4.2","1496","1","5","0","10","80","8","33","75.76"
"59538ae253ebe2397fc85777","guojinghao","4","5123","1","4.8","4","10","60","6","6","0"
"5a9d135128a2b361c3491a1e","dexiaojiapin","3.8","1531","1","3.5","4","10","70","7","22","68.18"
"5aae608bdb5f1f42a93eaaed","zengdaitao","4","331","1","4","4","10","150","15","13","-15.38"
"5af917558699ce1103dd6010","Happy dags","3.9","514","1","4","2","10","140","14","12","-16.67"
"5d5008cb1d9a8e750032d31b","lihengchen","4","676","1","4.5","4","10","160","16","25","36"
"5d53751b40defd6833e480ad","eirufjl","4","238","1","3.7","3","10","120","12","67","82.09"
"5d594543cf65033850311c11","zhouzhilong","4.2","60","1","5","1","10","37.1","3.71","5","25.8"
"5db248327c0d0800c24fc084","langsengy","4.5","160","1","4.5","2","10","56.8","5.68","5","-13.6"
"5de71b384c9c820a00c16efa","JinveI skyqiong","4.1","193","1","5","0","10","70","7","7","0"
"5df1cd2ecce7510b506fdba5","WenqiaoyouuOO","3.6","8","1","5","0","10","80","8","17","52.94"
"5e4b9c3801ba9d210036fc5a","zhoulinglinga","3.5","65","1","5","1","10","39.2","3.92","9","56.44"
"5e4f81dc968c88593150e98e","Supuma Wall Sticker","3.8","72","1","2.3","4","10","37","3.7","9","58.89"
"5e63469b2fdc774466e15dd5","liyang163","2.3","3","1","5","0","10","57.5","5.75","5","-15"
"54365c349719cd57af2b449b","Langwei Garments Trading CO.,LTD","3.9","53225","1","5","0","8","56","7","31","77.42"
"581c54c4dd99164b808ca531","Chaoyang","4.2","6348","1","5","1","7","56","8","55","85.45"
"564d8f2f3a698c01d97fbb81","Choicstore","4","11378","1","5","0","3","14.43","4.81","30","83.97"
"567bad8582c35f28103e5813","Guangzhou Fashion Girl co.,ltd","4","21307","1","2","1","2","22","11","10","-10"
"5b24edf0d1c360301099e9c6","xiaoguiling","4.3","693","1","5","0","2","32","16","16","0"
"5add589edb5f1f32114d07df","gaomeigui","4","1134","1","5","0","1","14","14","14","0"
"5d417e7070327a2743021677","Kyiswen","3.6","378","1","5","0","1","2.72","2.72","9","69.78"
"5d4b8931933fb13f8a1fe232","caogao","4","1380","1","5","0","1","11","11","30","63.33"
